-- phpMyAdmin SQL Dump
-- version 5.2.0
-- https://www.phpmyadmin.net/
--
-- Gép: 127.0.0.1
-- Létrehozás ideje: 2025. Feb 02. 20:45
-- Kiszolgáló verziója: 10.4.27-MariaDB
-- PHP verzió: 8.2.0

SET SQL_MODE = "NO_AUTO_VALUE_ON_ZERO";
START TRANSACTION;
SET time_zone = "+00:00";


/*!40101 SET @OLD_CHARACTER_SET_CLIENT=@@CHARACTER_SET_CLIENT */;
/*!40101 SET @OLD_CHARACTER_SET_RESULTS=@@CHARACTER_SET_RESULTS */;
/*!40101 SET @OLD_COLLATION_CONNECTION=@@COLLATION_CONNECTION */;
/*!40101 SET NAMES utf8mb4 */;

--
-- Adatbázis: `konyvtar`
--

-- --------------------------------------------------------

--
-- Tábla szerkezet ehhez a táblához `cim`
--

CREATE TABLE `cim` (
  `cim_id` int(10) UNSIGNED NOT NULL,
  `telepules_id` smallint(5) UNSIGNED NOT NULL,
  `cim_utca` varchar(30) NOT NULL,
  `cim_hsz` varchar(20) NOT NULL
) ENGINE=InnoDB DEFAULT CHARSET=utf8 COLLATE=utf8_hungarian_ci;

--
-- A tábla adatainak kiíratása `cim`
--

INSERT INTO `cim` (`cim_id`, `telepules_id`, `cim_utca`, `cim_hsz`) VALUES
(7, 3127, 'Réti utca', '41'),
(8, 1679, 'Erdélyi utca', '78/A'),
(9, 2122, 'Dózsa Görgy utca', '25'),
(10, 3127, 'Vadvirág utca', '55'),
(11, 3127, 'Réti utca', '88');

-- --------------------------------------------------------

--
-- Tábla szerkezet ehhez a táblához `kolcsonzes`
--

CREATE TABLE `kolcsonzes` (
  `kolcsonzes_id` int(10) UNSIGNED NOT NULL,
  `leltar_leltariszam` varchar(10) NOT NULL,
  `tag_id` int(9) UNSIGNED NOT NULL,
  `kolcsonzes_datum` date NOT NULL,
  `kolcsonzes_hatar` date NOT NULL,
  `kolcsonzes_visszaE` tinyint(1) NOT NULL
) ENGINE=InnoDB DEFAULT CHARSET=utf8 COLLATE=utf8_hungarian_ci;

--
-- A tábla adatainak kiíratása `kolcsonzes`
--

INSERT INTO `kolcsonzes` (`kolcsonzes_id`, `leltar_leltariszam`, `tag_id`, `kolcsonzes_datum`, `kolcsonzes_hatar`, `kolcsonzes_visszaE`) VALUES
(15, 'VFRT-00000', 349684452, '2025-02-01', '2025-02-14', 1),
(16, 'VFRT-00001', 601997577, '2025-02-02', '2025-02-17', 0),
(17, 'TKVR-00000', 601997577, '2025-02-02', '2025-02-17', 0),
(18, 'SSTL-00000', 601997577, '2025-02-02', '2025-02-17', 0),
(19, 'IPPG-00000', 619874292, '2025-01-01', '2025-01-16', 0),
(20, 'PQRS-00000', 619874292, '2025-01-01', '2025-01-16', 0),
(21, 'TKVR-00001', 924150923, '2025-01-26', '2025-02-03', 1),
(22, 'VVTH-00000', 924150923, '2025-01-29', '2025-02-06', 1),
(23, 'PQRS-00002', 830933625, '2025-02-02', '2025-03-01', 0),
(24, 'TTZB-00000', 830933625, '2025-02-02', '2025-03-01', 0),
(25, 'VVTH-00003', 619874292, '2025-02-02', '2025-02-20', 0);

-- --------------------------------------------------------

--
-- Tábla szerkezet ehhez a táblához `konyv`
--

CREATE TABLE `konyv` (
  `konyv_ISBN` bigint(13) UNSIGNED NOT NULL,
  `konyv_cim` varchar(50) NOT NULL,
  `konyv_szerzo` varchar(50) NOT NULL,
  `konyv_kiadas` year(4) NOT NULL,
  `konyv_mufaj` varchar(20) NOT NULL
) ENGINE=InnoDB DEFAULT CHARSET=utf8 COLLATE=utf8_hungarian_ci;

--
-- A tábla adatainak kiíratása `konyv`
--

INSERT INTO `konyv` (`konyv_ISBN`, `konyv_cim`, `konyv_szerzo`, `konyv_kiadas`, `konyv_mufaj`) VALUES
(9631179176, 'Vuk', 'Fekete István', 1956, 'regény'),
(9631411540, 'Az ajtó', 'Szabó Magda', 1987, 'regény'),
(9631423883, 'Sorstalanság', 'Kertész Imre', 1975, 'regény'),
(987963987654, 'Java Programozás I.', 'Nagy Dániel', 2020, 'informatika'),
(9789631186117, 'A Pál utcai fiúk', 'Molnár Ferenc', 1906, 'regény'),
(9789631234567, 'A titkos örökség', 'Kovács Péter', 1995, 'kalandregény'),
(9789631422345, 'Tüskevár', 'Fekete István', 1957, 'regény'),
(9789632345678, 'Árnyak Városa', 'Horváth László', 2005, 'fantasy'),
(9789635678901, 'A gyilkosság receptje', 'Kiss Mária', 2012, 'krimi');

-- --------------------------------------------------------

--
-- Tábla szerkezet ehhez a táblához `leltar`
--

CREATE TABLE `leltar` (
  `leltar_leltariszam` varchar(10) NOT NULL,
  `konyv_ISBN` bigint(13) UNSIGNED NOT NULL
) ENGINE=InnoDB DEFAULT CHARSET=utf8 COLLATE=utf8_hungarian_ci;

--
-- A tábla adatainak kiíratása `leltar`
--

INSERT INTO `leltar` (`leltar_leltariszam`, `konyv_ISBN`) VALUES
('VFRT-00000', 9631179176),
('VFRT-00001', 9631179176),
('VFRT-00002', 9631179176),
('VFRT-00003', 9631179176),
('VFRT-00004', 9631179176),
('TOEE-00000', 9631411540),
('TOEE-00001', 9631411540),
('TOEE-00002', 9631411540),
('SSTL-00000', 9631423883),
('SSTL-00001', 9631423883),
('SSTL-00002', 9631423883),
('SSTL-00003', 9631423883),
('IPPG-00000', 987963987654),
('IPPG-00001', 987963987654),
('IPPG-00002', 987963987654),
('IPPG-00003', 987963987654),
('IPPG-00004', 987963987654),
('PQRS-00000', 9789631186117),
('PQRS-00001', 9789631186117),
('PQRS-00002', 9789631186117),
('PQRS-00003', 9789631186117),
('PQRS-00004', 9789631186117),
('PQRS-00005', 9789631186117),
('TKOR-00000', 9789631234567),
('TKOR-00001', 9789631234567),
('TKOR-00002', 9789631234567),
('TKVR-00000', 9789631422345),
('TKVR-00001', 9789631422345),
('TKVR-00002', 9789631422345),
('TKVR-00003', 9789631422345),
('VVTH-00000', 9789632345678),
('VVTH-00001', 9789632345678),
('VVTH-00002', 9789632345678),
('VVTH-00003', 9789632345678),
('TTZB-00000', 9789635678901),
('TTZB-00001', 9789635678901);

-- --------------------------------------------------------

--
-- Tábla szerkezet ehhez a táblához `megye`
--

CREATE TABLE `megye` (
  `megye_id` tinyint(4) UNSIGNED NOT NULL,
  `megye_megnevezese` varchar(25) NOT NULL
) ENGINE=InnoDB DEFAULT CHARSET=latin2 COLLATE=latin2_hungarian_ci;

--
-- A tábla adatainak kiíratása `megye`
--

INSERT INTO `megye` (`megye_id`, `megye_megnevezese`) VALUES
(1, 'Baranya'),
(2, 'Borsod-Abaúj-Zemplén'),
(3, 'Bács-Kiskun'),
(4, 'Békés'),
(5, 'Csongrád'),
(6, 'Fejér'),
(7, 'Győr-Moson-Sopron'),
(8, 'Hajdú-Bihar'),
(9, 'Heves'),
(10, 'Jász-Nagykun-Szolnok'),
(11, 'Komárom-Esztergom'),
(12, 'Nógrád'),
(13, 'Pest'),
(14, 'Somogy'),
(15, 'Szabolcs-Szatmár-Bereg'),
(16, 'Tolna'),
(17, 'Vas'),
(18, 'Veszprém'),
(19, 'Zala');

-- --------------------------------------------------------

--
-- Tábla szerkezet ehhez a táblához `tag`
--

CREATE TABLE `tag` (
  `tag_id` int(9) UNSIGNED NOT NULL,
  `tag_nev` varchar(35) NOT NULL,
  `cim_id` int(10) UNSIGNED NOT NULL,
  `tag_tel` varchar(12) NOT NULL
) ENGINE=InnoDB DEFAULT CHARSET=utf8 COLLATE=utf8_hungarian_ci;

--
-- A tábla adatainak kiíratása `tag`
--

INSERT INTO `tag` (`tag_id`, `tag_nev`, `cim_id`, `tag_tel`) VALUES
(349684452, 'Pál Mihály', 10, '+36307584694'),
(601997577, 'Katona Botond', 9, '+36202330877'),
(619874292, 'Illés Bendegúz', 7, '+36301936350'),
(830933625, 'Tóth Péter', 8, '+36205627687'),
(924150923, 'Mészáros Anna', 11, '+36204459312');

-- --------------------------------------------------------

--
-- Tábla szerkezet ehhez a táblához `telepules`
--

CREATE TABLE `telepules` (
  `telepules_id` smallint(5) UNSIGNED NOT NULL,
  `megye_id` tinyint(3) UNSIGNED NOT NULL,
  `telepules_ir` smallint(5) UNSIGNED NOT NULL,
  `telepules_megnevezese` varchar(25) NOT NULL
) ENGINE=InnoDB DEFAULT CHARSET=latin2 COLLATE=latin2_hungarian_ci;

--
-- A tábla adatainak kiíratása `telepules`
--

INSERT INTO `telepules` (`telepules_id`, `megye_id`, `telepules_ir`, `telepules_megnevezese`) VALUES
(1, 6, 8128, 'Aba'),
(2, 6, 8127, 'Aba'),
(3, 10, 5241, 'Abádszalók'),
(4, 1, 7678, 'Abaliget'),
(5, 9, 3261, 'Abasár'),
(6, 2, 3882, 'Abaújalpár'),
(7, 2, 3882, 'Abaújkér'),
(8, 2, 3815, 'Abaújlak'),
(9, 2, 3881, 'Abaújszántó'),
(10, 2, 3809, 'Abaújszolnok'),
(11, 2, 3898, 'Abaújvár'),
(12, 7, 9151, 'Abda'),
(13, 2, 3753, 'Abod'),
(14, 13, 2740, 'Abony'),
(15, 18, 8256, 'Ábrahámhegy'),
(16, 11, 2941, 'Ács'),
(17, 13, 2683, 'Acsa'),
(18, 17, 9746, 'Acsád'),
(19, 7, 9168, 'Acsalag'),
(20, 11, 2887, 'Ácsteszér'),
(21, 9, 3292, 'Adács'),
(22, 14, 8653, 'Ádánd'),
(23, 18, 8561, 'Adásztevel'),
(24, 6, 2457, 'Adony'),
(25, 18, 8497, 'Adorjánháza'),
(26, 1, 7841, 'Adorjás'),
(27, 1, 7381, 'Ág'),
(28, 3, 6076, 'Ágasegyháza'),
(29, 7, 9423, 'Ágfalva'),
(30, 2, 3759, 'Aggtelek'),
(31, 7, 9441, 'Agyagosszergény'),
(32, 15, 4524, 'Ajak'),
(33, 18, 8447, 'Ajka'),
(34, 18, 8448, 'Ajka'),
(35, 18, 8451, 'Ajka'),
(36, 18, 8400, 'Ajka'),
(37, 11, 2862, 'Aka'),
(38, 3, 6221, 'Akasztó'),
(39, 2, 3779, 'Alacska'),
(40, 6, 7011, 'Alap'),
(41, 10, 5142, 'Alattyán'),
(42, 13, 2730, 'Albertirsa'),
(43, 6, 8087, 'Alcsútdoboz'),
(44, 9, 3353, 'Aldebrő'),
(45, 5, 6750, 'Algyő'),
(46, 19, 8921, 'Alibánfa'),
(47, 1, 7934, 'Almamellék'),
(48, 11, 2931, 'Almásfüzitő'),
(49, 19, 8935, 'Almásháza'),
(50, 4, 5747, 'Almáskamarás'),
(51, 1, 7932, 'Almáskeresztúr'),
(52, 8, 4285, 'Álmosd'),
(53, 2, 3985, 'Alsóberecki'),
(54, 14, 7443, 'Alsóbogát'),
(55, 2, 3717, 'Alsódobsza'),
(56, 2, 3837, 'Alsógagy'),
(57, 1, 7345, 'Alsómocsolád'),
(58, 16, 7147, 'Alsónána'),
(59, 13, 2351, 'Alsónémedi'),
(60, 19, 8924, 'Alsónemesapáti'),
(61, 16, 7148, 'Alsónyék'),
(62, 18, 8226, 'Alsóörs'),
(63, 19, 8394, 'Alsópáhok'),
(64, 12, 2617, 'Alsópetény'),
(65, 19, 8767, 'Alsórajk'),
(66, 2, 3989, 'Alsóregmec'),
(67, 19, 8973, 'Alsószenterzsébet'),
(68, 6, 7012, 'Alsószentiván'),
(69, 1, 7826, 'Alsószentmárton'),
(70, 17, 9983, 'Alsószölnök'),
(71, 2, 3726, 'Alsószuha'),
(72, 2, 3735, 'Alsótelekes'),
(73, 12, 3069, 'Alsótold'),
(74, 17, 9842, 'Alsóújlak'),
(75, 2, 3811, 'Alsóvadász'),
(76, 2, 3571, 'Alsózsolca'),
(77, 5, 6916, 'Ambrózfalva'),
(78, 15, 4546, 'Anarcs'),
(79, 14, 8675, 'Andocs'),
(80, 9, 3399, 'Andornaktálya'),
(81, 17, 9811, 'Andrásfa'),
(82, 11, 2529, 'Annavölgy'),
(83, 18, 8477, 'Apácatorna'),
(84, 15, 4553, 'Apagy'),
(85, 13, 2345, 'Apaj'),
(86, 16, 7186, 'Aparhant'),
(87, 5, 6931, 'Apátfalva'),
(88, 17, 9982, 'Apátistvánfalva'),
(89, 1, 7720, 'Apátvarasd'),
(90, 9, 3032, 'Apc'),
(91, 13, 2338, 'Áporka'),
(92, 3, 6088, 'Apostag'),
(93, 15, 4634, 'Aranyosapáti'),
(94, 1, 7671, 'Aranyosgadány'),
(95, 2, 3885, 'Arka'),
(96, 2, 3663, 'Arló'),
(97, 2, 3713, 'Arnót'),
(98, 2, 3467, 'Ároktő'),
(99, 5, 6623, 'Árpádhalom'),
(100, 7, 9132, 'Árpás'),
(101, 8, 4115, 'Ártánd'),
(102, 5, 6783, 'Ásotthalom'),
(103, 7, 9177, 'Ásványráró'),
(104, 2, 3841, 'Aszaló'),
(105, 13, 2170, 'Aszód'),
(106, 18, 8241, 'Aszófő'),
(107, 1, 7763, 'Áta'),
(108, 9, 3371, 'Átány'),
(109, 9, 3213, 'Atkár'),
(110, 16, 7252, 'Attala'),
(111, 1, 7757, 'Babarc'),
(112, 1, 7814, 'Babarcszőlős'),
(113, 14, 7584, 'Babócsa'),
(114, 11, 2943, 'Bábolna'),
(115, 14, 8658, 'Bábonymegyer'),
(116, 19, 8983, 'Babosdöbréte'),
(117, 7, 9351, 'Babót'),
(118, 3, 6430, 'Bácsalmás'),
(119, 3, 6453, 'Bácsbokod'),
(120, 3, 6454, 'Bácsborsód'),
(121, 3, 6511, 'Bácsszentgyörgy'),
(122, 3, 6425, 'Bácsszőlős'),
(123, 18, 8261, 'Badacsonytomaj'),
(124, 18, 8257, 'Badacsonytomaj'),
(125, 18, 8258, 'Badacsonytomaj'),
(126, 18, 8262, 'Badacsonytördemic'),
(127, 18, 8263, 'Badacsonytördemic'),
(128, 13, 2191, 'Bag'),
(129, 8, 4286, 'Bagamér'),
(130, 19, 8977, 'Baglad'),
(131, 19, 8992, 'Bagod'),
(132, 7, 9145, 'Bágyogszovát'),
(133, 11, 2836, 'Baj'),
(134, 3, 6503, 'Baja'),
(135, 3, 6500, 'Baja'),
(136, 17, 9944, 'Bajánsenye'),
(137, 11, 2525, 'Bajna'),
(138, 11, 2533, 'Bajót'),
(139, 19, 8945, 'Bak'),
(140, 14, 7585, 'Bakháza'),
(141, 1, 7393, 'Bakóca'),
(142, 8, 4164, 'Bakonszeg'),
(143, 1, 7675, 'Bakonya'),
(144, 11, 2885, 'Bakonybánk'),
(145, 18, 8427, 'Bakonybél'),
(146, 6, 8056, 'Bakonycsernye'),
(147, 18, 8433, 'Bakonygyirót'),
(148, 18, 8581, 'Bakonyjákó'),
(149, 18, 8571, 'Bakonykoppány'),
(150, 6, 8045, 'Bakonykúti'),
(151, 18, 8422, 'Bakonynána'),
(152, 18, 8418, 'Bakonyoszlop'),
(153, 7, 9088, 'Bakonypéterd'),
(154, 18, 8457, 'Bakonypölöske'),
(155, 18, 8557, 'Bakonyság'),
(156, 11, 2861, 'Bakonysárkány'),
(157, 18, 8557, 'Bakonyszentiván'),
(158, 18, 8430, 'Bakonyszentkirály'),
(159, 18, 8431, 'Bakonyszentlászló'),
(160, 11, 2884, 'Bakonyszombathely'),
(161, 18, 8572, 'Bakonyszücs'),
(162, 18, 8555, 'Bakonytamási'),
(163, 5, 6768, 'Baks'),
(164, 1, 7834, 'Baksa'),
(165, 2, 3836, 'Baktakék'),
(166, 15, 4561, 'Baktalórántháza'),
(167, 19, 8946, 'Baktüttös'),
(168, 2, 3780, 'Balajt'),
(169, 12, 2660, 'Balassagyarmat'),
(170, 5, 6764, 'Balástya'),
(171, 9, 3347, 'Balaton'),
(172, 18, 8243, 'Balatonakali'),
(173, 18, 8220, 'Balatonalmádi'),
(174, 14, 8649, 'Balatonberény'),
(175, 14, 8691, 'Balatonboglár'),
(176, 14, 8630, 'Balatonboglár'),
(177, 18, 8272, 'Balatoncsicsó'),
(178, 18, 8312, 'Balatonederics'),
(179, 14, 8613, 'Balatonendréd'),
(180, 14, 8646, 'Balatonfenyves'),
(181, 18, 8164, 'Balatonfőkajár'),
(182, 14, 8623, 'Balatonföldvár'),
(183, 18, 8236, 'Balatonfüred'),
(184, 18, 8230, 'Balatonfüred'),
(185, 18, 8184, 'Balatonfűzfő'),
(186, 18, 8175, 'Balatonfűzfő'),
(187, 19, 8313, 'Balatongyörök'),
(188, 18, 8275, 'Balatonhenye'),
(189, 18, 8172, 'Balatonkenese'),
(190, 18, 8174, 'Balatonkenese'),
(191, 14, 8648, 'Balatonkeresztúr'),
(192, 14, 8638, 'Balatonlelle'),
(193, 19, 8753, 'Balatonmagyaród'),
(194, 14, 8647, 'Balatonmáriafürdő'),
(195, 14, 8637, 'Balatonőszöd'),
(196, 18, 8255, 'Balatonrendes'),
(197, 14, 8651, 'Balatonszabadi'),
(198, 14, 8624, 'Balatonszárszó'),
(199, 14, 8636, 'Balatonszemes'),
(200, 14, 8710, 'Balatonszentgyörgy'),
(201, 18, 8252, 'Balatonszepezd'),
(202, 18, 8233, 'Balatonszőlős'),
(203, 18, 8242, 'Balatonudvari'),
(204, 14, 8712, 'Balatonújlak'),
(205, 18, 8171, 'Balatonvilágos'),
(206, 6, 8054, 'Balinka'),
(207, 6, 8055, 'Balinka'),
(208, 15, 4233, 'Balkány'),
(209, 3, 6035, 'Ballószög'),
(210, 8, 4060, 'Balmazújváros'),
(211, 17, 9771, 'Balogunyom'),
(212, 3, 6412, 'Balotaszállás'),
(213, 15, 4468, 'Balsa'),
(214, 14, 8614, 'Bálványos'),
(215, 11, 2944, 'Bana'),
(216, 18, 8443, 'Bánd'),
(217, 1, 7914, 'Bánfa'),
(218, 2, 3642, 'Bánhorváti'),
(219, 12, 2653, 'Bánk'),
(220, 19, 8891, 'Bánokszentgyörgy'),
(221, 2, 3654, 'Bánréve'),
(222, 1, 7711, 'Bár'),
(223, 15, 4937, 'Barabás'),
(224, 6, 2427, 'Baracs'),
(225, 6, 2426, 'Baracs'),
(226, 6, 2471, 'Baracska'),
(227, 8, 4161, 'Báránd'),
(228, 1, 7841, 'Baranyahidvég'),
(229, 1, 7384, 'Baranyajenő'),
(230, 1, 7383, 'Baranyaszentgyörgy'),
(231, 7, 9169, 'Barbacs'),
(232, 14, 7557, 'Barcs'),
(233, 14, 7570, 'Barcs'),
(234, 14, 7478, 'Bárdudvarnok'),
(235, 19, 8948, 'Barlahida'),
(236, 12, 3126, 'Bárna'),
(237, 18, 8291, 'Barnag'),
(238, 11, 2883, 'Bársonyos'),
(239, 1, 7923, 'Basal'),
(240, 2, 3881, 'Baskó'),
(241, 16, 7149, 'Báta'),
(242, 16, 7164, 'Bátaapáti'),
(243, 16, 7140, 'Bátaszék'),
(244, 14, 7258, 'Baté'),
(245, 3, 6528, 'Bátmonostor'),
(246, 12, 3078, 'Bátonyterenye'),
(247, 12, 3070, 'Bátonyterenye'),
(248, 12, 3151, 'Bátonyterenye'),
(249, 9, 3336, 'Bátor'),
(250, 15, 4343, 'Bátorliget'),
(251, 4, 5830, 'Battonya'),
(252, 3, 6351, 'Bátya'),
(253, 19, 8797, 'Batyk'),
(254, 19, 8887, 'Bázakerettye'),
(255, 18, 8352, 'Bazsi'),
(256, 18, 8565, 'Béb'),
(257, 19, 8866, 'Becsehely'),
(258, 12, 2693, 'Becske'),
(259, 2, 3768, 'Becskeháza'),
(260, 19, 8985, 'Becsvölgye'),
(261, 14, 8666, 'Bedegkér'),
(262, 8, 4128, 'Bedő'),
(263, 17, 9683, 'Bejcgyertyános'),
(264, 18, 8515, 'Békás'),
(265, 2, 3903, 'Bekecs'),
(266, 4, 5630, 'Békés'),
(267, 4, 5623, 'Békéscsaba'),
(268, 4, 5671, 'Békéscsaba'),
(269, 4, 5600, 'Békéscsaba'),
(270, 4, 5946, 'Békéssámson'),
(271, 4, 5561, 'Békésszentandrás'),
(272, 9, 3343, 'Bekölce'),
(273, 9, 3346, 'Bélapátfalva'),
(274, 14, 7589, 'Bélavár'),
(275, 16, 7061, 'Belecska'),
(276, 7, 9343, 'Beled'),
(277, 14, 7543, 'Beleg'),
(278, 19, 8855, 'Belezna'),
(279, 4, 5643, 'Bélmegyer'),
(280, 6, 2455, 'Beloiannisz'),
(281, 19, 8978, 'Belsősárd'),
(282, 1, 7747, 'Belvárdgyula'),
(283, 15, 4643, 'Benk'),
(284, 13, 2216, 'Bénye'),
(285, 12, 3045, 'Bér'),
(286, 17, 9831, 'Bérbaltavár'),
(287, 12, 2687, 'Bercel'),
(288, 15, 4934, 'Beregdaróc'),
(289, 15, 4933, 'Beregsurány'),
(290, 8, 4116, 'Berekböszörmény'),
(291, 10, 5309, 'Berekfürdő'),
(292, 1, 7827, 'Beremend'),
(293, 2, 3704, 'Berente'),
(294, 2, 3834, 'Beret'),
(295, 8, 4103, 'Berettyóújfalu'),
(296, 8, 4100, 'Berettyóújfalu'),
(297, 18, 8182, 'Berhida'),
(298, 18, 8181, 'Berhida'),
(299, 12, 2641, 'Berkenye'),
(300, 1, 7664, 'Berkesd'),
(301, 15, 4521, 'Berkesz'),
(302, 13, 2639, 'Bernecebaráti'),
(303, 2, 3575, 'Berzék'),
(304, 14, 7516, 'Berzence'),
(305, 1, 7838, 'Besence'),
(306, 15, 4557, 'Besenyőd'),
(307, 9, 3373, 'Besenyőtelek'),
(308, 10, 5071, 'Besenyszög'),
(309, 6, 2456, 'Besnyő'),
(310, 15, 4488, 'Beszterec'),
(311, 1, 7782, 'Bezedek'),
(312, 7, 9223, 'Bezenye'),
(313, 19, 8934, 'Bezeréd'),
(314, 7, 9162, 'Bezi'),
(315, 13, 2051, 'Biatorbágy'),
(316, 1, 7671, 'Bicsérd'),
(317, 6, 2060, 'Bicske'),
(318, 8, 4175, 'Bihardancsháza'),
(319, 8, 4110, 'Biharkeresztes'),
(320, 8, 4172, 'Biharnagybajom'),
(321, 8, 4174, 'Bihartorda'),
(322, 4, 5538, 'Biharugra'),
(323, 16, 7043, 'Bikács'),
(324, 1, 7346, 'Bikal'),
(325, 15, 4235, 'Biri'),
(326, 1, 7747, 'Birján'),
(327, 1, 7811, 'Bisse'),
(328, 17, 9625, 'Bő'),
(329, 19, 9542, 'Boba'),
(330, 9, 8943, 'Bocfölde'),
(331, 3, 3368, 'Boconád'),
(332, 19, 3574, 'Bőcs'),
(333, 8, 6235, 'Bócsa'),
(334, 1, 8776, 'Bocska'),
(335, 6, 4241, 'Bocskaikert'),
(336, 6, 7672, 'Boda'),
(337, 1, 8053, 'Bodajk'),
(338, 7, 8991, 'Böde'),
(339, 9, 8969, 'Bödeháza'),
(340, 18, 8085, 'Bodmér'),
(341, 14, 7394, 'Bodolyabér'),
(342, 2, 9134, 'Bodonhely'),
(343, 2, 3243, 'Bodony'),
(344, 2, 8471, 'Bodorfa'),
(345, 2, 7439, 'Bodrog'),
(346, 2, 3987, 'Bodroghalom'),
(347, 2, 3916, 'Bodrogkeresztúr'),
(348, 2, 3917, 'Bodrogkisfalud'),
(349, 2, 3943, 'Bodrogolaszi'),
(350, 1, 3768, 'Bódvalenke'),
(351, 1, 3764, 'Bódvarákó'),
(352, 1, 3763, 'Bódvaszilas'),
(353, 16, 3412, 'Bogács'),
(354, 7, 7742, 'Bogád'),
(355, 8, 7836, 'Bogádmindszent'),
(356, 19, 7966, 'Bogdása'),
(357, 11, 9612, 'Bögöt'),
(358, 12, 9675, 'Bögöte'),
(359, 9, 7132, 'Bogyiszló'),
(360, 1, 9324, 'Bogyoszló'),
(361, 2, 8719, 'Böhönye'),
(362, 2, 4114, 'Bojt'),
(363, 2, 8741, 'Bókaháza'),
(364, 14, 2855, 'Bokod'),
(365, 14, 4231, 'Bököny'),
(366, 1, 3066, 'Bokor'),
(367, 19, 7025, 'Bölcske'),
(368, 14, 3016, 'Boldog'),
(369, 16, 7937, 'Boldogasszonyfa'),
(370, 16, 3884, 'Boldogkőújfalu'),
(371, 16, 3885, 'Boldogkőváralja'),
(372, 5, 3794, 'Boldva'),
(373, 17, 7517, 'Bolhás'),
(374, 1, 7586, 'Bolhó'),
(375, 3, 7754, 'Bóly'),
(376, 19, 8992, 'Boncodfölde'),
(377, 2, 7281, 'Bonnya'),
(378, 2, 9073, 'Bőny'),
(379, 2, 7187, 'Bonyhád'),
(380, 2, 7150, 'Bonyhád'),
(381, 2, 7158, 'Bonyhádvarasd'),
(382, 2, 9152, 'Börcs'),
(383, 2, 6795, 'Bordány'),
(384, 12, 9554, 'Borgáta'),
(385, 18, 7756, 'Borjád'),
(386, 18, 6445, 'Borota'),
(387, 1, 8885, 'Borsfa'),
(388, 15, 3658, 'Borsodbóta'),
(389, 1, 3426, 'Borsodgeszt'),
(390, 17, 3462, 'Borsodivánka'),
(391, 17, 3672, 'Borsodnádasd'),
(392, 2, 3671, 'Borsodnádasd'),
(393, 17, 3623, 'Borsodszentgyörgy'),
(394, 2, 3796, 'Borsodszirák'),
(395, 19, 2644, 'Borsosberény'),
(396, 19, 8479, 'Borszörcsök'),
(397, 17, 8428, 'Borzavár'),
(398, 17, 8772, 'Börzönce'),
(399, 14, 9167, 'Bősárkány'),
(400, 15, 7811, 'Bosta'),
(401, 16, 7475, 'Bőszénfa'),
(402, 7, 4955, 'Botpalád'),
(403, 7, 7900, 'Botykapeterd'),
(404, 19, 9727, 'Bozsok'),
(405, 7, 3994, 'Bózsva'),
(406, 14, 9752, 'Bozzai'),
(407, 4, 5527, 'Bucsa'),
(408, 17, 9792, 'Bucsu'),
(409, 19, 8925, 'Bucsuszentlászló'),
(410, 19, 8893, 'Bucsuta'),
(411, 13, 2093, 'Budajenő'),
(412, 13, 2011, 'Budakalász'),
(413, 13, 2092, 'Budakeszi'),
(414, 13, 2040, 'Budaörs'),
(415, 13, 1069, 'Budapest'),
(416, 13, 1011, 'Budapest'),
(417, 13, 1012, 'Budapest'),
(418, 13, 1013, 'Budapest'),
(419, 13, 1014, 'Budapest'),
(420, 13, 1015, 'Budapest'),
(421, 13, 1016, 'Budapest'),
(422, 13, 1021, 'Budapest'),
(423, 13, 1022, 'Budapest'),
(424, 13, 1023, 'Budapest'),
(425, 13, 1024, 'Budapest'),
(426, 13, 1025, 'Budapest'),
(427, 13, 1026, 'Budapest'),
(428, 13, 1027, 'Budapest'),
(429, 13, 1028, 'Budapest'),
(430, 13, 1029, 'Budapest'),
(431, 13, 1031, 'Budapest'),
(432, 13, 1032, 'Budapest'),
(433, 13, 1033, 'Budapest'),
(434, 13, 1034, 'Budapest'),
(435, 13, 1035, 'Budapest'),
(436, 13, 1036, 'Budapest'),
(437, 13, 1037, 'Budapest'),
(438, 13, 1038, 'Budapest'),
(439, 13, 1039, 'Budapest'),
(440, 13, 1041, 'Budapest'),
(441, 13, 1042, 'Budapest'),
(442, 13, 1043, 'Budapest'),
(443, 13, 1044, 'Budapest'),
(444, 13, 1045, 'Budapest'),
(445, 13, 1046, 'Budapest'),
(446, 13, 1047, 'Budapest'),
(447, 13, 1048, 'Budapest'),
(448, 13, 1051, 'Budapest'),
(449, 13, 1052, 'Budapest'),
(450, 13, 1053, 'Budapest'),
(451, 13, 1054, 'Budapest'),
(452, 13, 1055, 'Budapest'),
(453, 13, 1056, 'Budapest'),
(454, 13, 1061, 'Budapest'),
(455, 13, 1062, 'Budapest'),
(456, 13, 1063, 'Budapest'),
(457, 13, 1064, 'Budapest'),
(458, 13, 1065, 'Budapest'),
(459, 13, 1066, 'Budapest'),
(460, 13, 1067, 'Budapest'),
(461, 13, 1068, 'Budapest'),
(462, 13, 1071, 'Budapest'),
(463, 13, 1072, 'Budapest'),
(464, 13, 1073, 'Budapest'),
(465, 13, 1074, 'Budapest'),
(466, 13, 1075, 'Budapest'),
(467, 13, 1076, 'Budapest'),
(468, 13, 1077, 'Budapest'),
(469, 13, 1078, 'Budapest'),
(470, 13, 1081, 'Budapest'),
(471, 13, 1082, 'Budapest'),
(472, 13, 1083, 'Budapest'),
(473, 13, 1084, 'Budapest'),
(474, 13, 1085, 'Budapest'),
(475, 13, 1086, 'Budapest'),
(476, 13, 1087, 'Budapest'),
(477, 13, 1088, 'Budapest'),
(478, 13, 1089, 'Budapest'),
(479, 13, 1091, 'Budapest'),
(480, 13, 1092, 'Budapest'),
(481, 13, 1093, 'Budapest'),
(482, 13, 1094, 'Budapest'),
(483, 13, 1095, 'Budapest'),
(484, 13, 1096, 'Budapest'),
(485, 13, 1097, 'Budapest'),
(486, 13, 1098, 'Budapest'),
(487, 13, 1101, 'Budapest'),
(488, 13, 1102, 'Budapest'),
(489, 13, 1103, 'Budapest'),
(490, 13, 1104, 'Budapest'),
(491, 13, 1105, 'Budapest'),
(492, 13, 1106, 'Budapest'),
(493, 13, 1107, 'Budapest'),
(494, 13, 1108, 'Budapest'),
(495, 13, 1111, 'Budapest'),
(496, 13, 1112, 'Budapest'),
(497, 13, 1113, 'Budapest'),
(498, 13, 1114, 'Budapest'),
(499, 13, 1115, 'Budapest'),
(500, 13, 1116, 'Budapest'),
(501, 13, 1117, 'Budapest'),
(502, 13, 1118, 'Budapest'),
(503, 13, 1119, 'Budapest'),
(504, 13, 1121, 'Budapest'),
(505, 13, 1122, 'Budapest'),
(506, 13, 1123, 'Budapest'),
(507, 13, 1124, 'Budapest'),
(508, 13, 1125, 'Budapest'),
(509, 13, 1126, 'Budapest'),
(510, 13, 1131, 'Budapest'),
(511, 13, 1132, 'Budapest'),
(512, 13, 1133, 'Budapest'),
(513, 13, 1134, 'Budapest'),
(514, 13, 1135, 'Budapest'),
(515, 13, 1136, 'Budapest'),
(516, 13, 1137, 'Budapest'),
(517, 13, 1138, 'Budapest'),
(518, 13, 1139, 'Budapest'),
(519, 13, 1141, 'Budapest'),
(520, 13, 1142, 'Budapest'),
(521, 13, 1143, 'Budapest'),
(522, 13, 1144, 'Budapest'),
(523, 13, 1145, 'Budapest'),
(524, 13, 1146, 'Budapest'),
(525, 13, 1147, 'Budapest'),
(526, 13, 1148, 'Budapest'),
(527, 13, 1149, 'Budapest'),
(528, 13, 1151, 'Budapest'),
(529, 13, 1152, 'Budapest'),
(530, 13, 1153, 'Budapest'),
(531, 13, 1154, 'Budapest'),
(532, 13, 1155, 'Budapest'),
(533, 13, 1156, 'Budapest'),
(534, 13, 1157, 'Budapest'),
(535, 13, 1158, 'Budapest'),
(536, 13, 1161, 'Budapest'),
(537, 13, 1162, 'Budapest'),
(538, 13, 1163, 'Budapest'),
(539, 13, 1164, 'Budapest'),
(540, 13, 1165, 'Budapest'),
(541, 13, 1171, 'Budapest'),
(542, 13, 1172, 'Budapest'),
(543, 13, 1173, 'Budapest'),
(544, 13, 1174, 'Budapest'),
(545, 13, 1181, 'Budapest'),
(546, 13, 1182, 'Budapest'),
(547, 13, 1183, 'Budapest'),
(548, 13, 1184, 'Budapest'),
(549, 13, 1185, 'Budapest'),
(550, 13, 1186, 'Budapest'),
(551, 13, 1188, 'Budapest'),
(552, 13, 1191, 'Budapest'),
(553, 13, 1192, 'Budapest'),
(554, 13, 1193, 'Budapest'),
(555, 13, 1194, 'Budapest'),
(556, 13, 1195, 'Budapest'),
(557, 13, 1196, 'Budapest'),
(558, 13, 1201, 'Budapest'),
(559, 13, 1202, 'Budapest'),
(560, 13, 1203, 'Budapest'),
(561, 13, 1204, 'Budapest'),
(562, 13, 1205, 'Budapest'),
(563, 13, 1211, 'Budapest'),
(564, 13, 1212, 'Budapest'),
(565, 13, 1213, 'Budapest'),
(566, 13, 1214, 'Budapest'),
(567, 13, 1215, 'Budapest'),
(568, 13, 1221, 'Budapest'),
(569, 13, 1222, 'Budapest'),
(570, 13, 1223, 'Budapest'),
(571, 13, 1224, 'Budapest'),
(572, 13, 1225, 'Budapest'),
(573, 13, 1237, 'Budapest'),
(574, 13, 1238, 'Budapest'),
(575, 13, 1239, 'Budapest'),
(576, 13, 1529, 'Budapest'),
(577, 3, 6114, 'Bugac'),
(578, 3, 6114, 'Bugacpusztaháza'),
(579, 13, 2347, 'Bugyi'),
(580, 15, 4483, 'Buj'),
(581, 12, 3047, 'Buják'),
(582, 14, 9740, 'Bük'),
(583, 17, 9737, 'Bük'),
(584, 17, 3422, 'Bükkábrány'),
(585, 2, 3554, 'Bükkaranyos'),
(586, 2, 3648, 'Bükkmogyorósd'),
(587, 2, 7682, 'Bükkösd'),
(588, 1, 3335, 'Bükkszék'),
(589, 9, 3257, 'Bükkszenterzsébet'),
(590, 9, 3557, 'Bükkszentkereszt'),
(591, 2, 3346, 'Bükkszentmárton'),
(592, 9, 3414, 'Bükkzsérc'),
(593, 2, 7973, 'Bürüs'),
(594, 1, 7273, 'Büssü'),
(595, 14, 3821, 'Büttös'),
(596, 2, 8695, 'Buzsák'),
(597, 17, 9725, 'Cák'),
(598, 7, 9165, 'Cakóháza'),
(599, 6, 7013, 'Cece'),
(600, 15, 4732, 'Cégénydányád'),
(601, 13, 2738, 'Cegléd'),
(602, 13, 2700, 'Cegléd'),
(603, 13, 2737, 'Ceglédbercel'),
(604, 17, 9541, 'Celldömölk'),
(605, 17, 9500, 'Celldömölk'),
(606, 12, 3123, 'Cered'),
(607, 17, 9624, 'Chernelházadamonya'),
(608, 10, 5462, 'Cibakháza'),
(609, 2, 3973, 'Cigánd'),
(610, 16, 7161, 'Cikó'),
(611, 7, 9364, 'Cirák'),
(612, 4, 5551, 'Csabacsűd'),
(613, 4, 5609, 'Csabaszabadi'),
(614, 6, 2064, 'Csabdi'),
(615, 18, 8474, 'Csabrendek'),
(616, 7, 9375, 'Csáfordjánosfa'),
(617, 15, 4967, 'Csaholc'),
(618, 18, 8163, 'Csajág'),
(619, 14, 8735, 'Csákány'),
(620, 17, 9919, 'Csákánydoroszló'),
(621, 6, 8073, 'Csákberény'),
(622, 6, 8083, 'Csákvár'),
(623, 5, 6915, 'Csanádalberti'),
(624, 4, 5662, 'Csanádapáca'),
(625, 5, 6913, 'Csanádpalota'),
(626, 17, 9654, 'Csánig'),
(627, 9, 3015, 'Csány'),
(628, 1, 7964, 'Csányoszró'),
(629, 5, 6647, 'Csanytelek'),
(630, 19, 8756, 'Csapi'),
(631, 7, 9372, 'Csapod'),
(632, 4, 5621, 'Csárdaszállás'),
(633, 1, 7811, 'Csarnóta'),
(634, 15, 4844, 'Csaroda'),
(635, 11, 2858, 'Császár'),
(636, 3, 6239, 'Császártöltés'),
(637, 15, 4973, 'Császló'),
(638, 3, 6523, 'Csátalja'),
(639, 19, 8943, 'Csatár'),
(640, 10, 5064, 'Csataszög'),
(641, 11, 2888, 'Csatka'),
(642, 3, 6448, 'Csávoly'),
(643, 1, 7935, 'Csebény'),
(644, 12, 3052, 'Csécse'),
(645, 15, 4742, 'Csegöld'),
(646, 18, 8445, 'Csehbánya'),
(647, 17, 9833, 'Csehi'),
(648, 17, 9834, 'Csehimindszent'),
(649, 11, 2949, 'Csém'),
(650, 13, 2713, 'Csemő'),
(651, 17, 9764, 'Csempeszkopács'),
(652, 5, 6765, 'Csengele'),
(653, 15, 4765, 'Csenger'),
(654, 15, 4743, 'Csengersima'),
(655, 15, 4764, 'Csengerújfalu'),
(656, 3, 6222, 'Csengőd'),
(657, 17, 9611, 'Csénye'),
(658, 2, 3837, 'Csenyéte'),
(659, 11, 2946, 'Csép'),
(660, 10, 5475, 'Csépa'),
(661, 17, 9735, 'Csepreg'),
(662, 7, 9375, 'Csér'),
(663, 1, 7683, 'Cserdi'),
(664, 14, 7472, 'Cserénfa'),
(665, 2, 3413, 'Cserépfalu'),
(666, 2, 3417, 'Cserépváralja'),
(667, 12, 2694, 'Cserháthaláp'),
(668, 12, 2676, 'Cserhátsurány'),
(669, 12, 3066, 'Cserhátszentiván'),
(670, 10, 5465, 'Cserkeszőlő'),
(671, 1, 7673, 'Cserkút'),
(672, 2, 3648, 'Csernely'),
(673, 19, 8372, 'Cserszegtomaj'),
(674, 19, 8951, 'Csertalakos'),
(675, 1, 7900, 'Csertő'),
(676, 18, 8419, 'Csesznek'),
(677, 19, 8973, 'Csesztreg'),
(678, 12, 2678, 'Csesztve'),
(679, 18, 8417, 'Csetény'),
(680, 13, 2212, 'Csévharaszt'),
(681, 16, 7225, 'Csibrák'),
(682, 3, 6424, 'Csikéria'),
(683, 16, 7341, 'Csikóstőttős'),
(684, 7, 9127, 'Csikvánd'),
(685, 2, 3442, 'Csincse'),
(686, 17, 9836, 'Csipkerek'),
(687, 12, 2673, 'Csitár'),
(688, 2, 3848, 'Csobád'),
(689, 2, 3927, 'Csobaj'),
(690, 13, 2014, 'Csobánka'),
(691, 6, 8999, 'Csöde'),
(692, 14, 8495, 'Csögle'),
(693, 2, 8074, 'Csókakő'),
(694, 11, 4145, 'Csökmő'),
(695, 3, 7526, 'Csököly'),
(696, 14, 7555, 'Csokonyavisonta'),
(697, 13, 3647, 'Csokvaomány'),
(698, 14, 2521, 'Csolnok'),
(699, 5, 6135, 'Csólyospálos'),
(700, 5, 7253, 'Csoma'),
(701, 19, 2161, 'Csomád'),
(702, 1, 7432, 'Csombárd'),
(703, 18, 8700, 'Csömend'),
(704, 6, 8957, 'Csömödér'),
(705, 7, 2141, 'Csömör'),
(706, 4, 9513, 'Csönge'),
(707, 18, 6648, 'Csongrád'),
(708, 19, 6640, 'Csongrád'),
(709, 18, 8918, 'Csonkahegyhát'),
(710, 8, 7940, 'Csonkamindszent'),
(711, 14, 8229, 'Csopak'),
(712, 14, 8041, 'Csór'),
(713, 19, 9300, 'Csorna'),
(714, 13, 8873, 'Csörnyeföld'),
(715, 17, 9962, 'Csörötnek'),
(716, 19, 5920, 'Csorvás'),
(717, 17, 8122, 'Csősz'),
(718, 6, 8558, 'Csót'),
(719, 13, 2615, 'Csővár'),
(720, 14, 8840, 'Csurgó'),
(721, 14, 8840, 'Csurgónagymarton'),
(722, 1, 7843, 'Cún'),
(723, 13, 2373, 'Dabas'),
(724, 13, 2371, 'Dabas'),
(725, 13, 2370, 'Dabas'),
(726, 18, 8345, 'Dabronc'),
(727, 18, 8485, 'Dabrony'),
(728, 11, 2854, 'Dad'),
(729, 11, 2522, 'Dág'),
(730, 18, 8592, 'Dáka'),
(731, 16, 7211, 'Dalmand'),
(732, 2, 3780, 'Damak'),
(733, 2, 3978, 'Dámóc'),
(734, 13, 2735, 'Dánszentmiklós'),
(735, 13, 2118, 'Dány'),
(736, 17, 9917, 'Daraboshegy'),
(737, 14, 7988, 'Darány'),
(738, 15, 4737, 'Darnó'),
(739, 7, 9232, 'Darnózseli'),
(740, 8, 4144, 'Darvas'),
(741, 3, 6524, 'Dávod'),
(742, 12, 2694, 'Debercsény'),
(743, 8, 4079, 'Debrecen'),
(744, 8, 4078, 'Debrecen'),
(745, 8, 4225, 'Debrecen'),
(746, 8, 4063, 'Debrecen'),
(747, 8, 4000, 'Debrecen'),
(748, 8, 4002, 'Debrecen'),
(749, 8, 4024, 'Debrecen'),
(750, 8, 4025, 'Debrecen'),
(751, 8, 4026, 'Debrecen'),
(752, 8, 4027, 'Debrecen'),
(753, 8, 4028, 'Debrecen'),
(754, 8, 4029, 'Debrecen'),
(755, 8, 4030, 'Debrecen'),
(756, 8, 4031, 'Debrecen'),
(757, 8, 4032, 'Debrecen'),
(758, 8, 4033, 'Debrecen'),
(759, 8, 4034, 'Debrecen'),
(760, 2, 3825, 'Debréte'),
(761, 16, 7144, 'Decs'),
(762, 2, 3643, 'Dédestapolcsány'),
(763, 6, 8135, 'Dég'),
(764, 12, 2649, 'Dejtár'),
(765, 13, 2337, 'Délegyháza'),
(766, 15, 4516, 'Demecser'),
(767, 9, 3395, 'Demjén'),
(768, 1, 7915, 'Dencsháza'),
(769, 7, 9365, 'Dénesfa'),
(770, 8, 4130, 'Derecske'),
(771, 5, 6621, 'Derekegyház'),
(772, 5, 6772, 'Deszk'),
(773, 2, 3834, 'Detek'),
(774, 9, 3275, 'Detk'),
(775, 4, 5510, 'Dévaványa'),
(776, 18, 8460, 'Devecser'),
(777, 1, 7683, 'Dinnyeberki'),
(778, 16, 7072, 'Diósberény'),
(779, 13, 2049, 'Diósd'),
(780, 12, 2643, 'Diósjenő'),
(781, 19, 8764, 'Dióskál'),
(782, 1, 7817, 'Diósviszló'),
(783, 18, 8482, 'Doba'),
(784, 4, 9914, 'Döbörhegy'),
(785, 19, 5624, 'Doboz'),
(786, 19, 8874, 'Dobri'),
(787, 5, 8357, 'Döbröce'),
(788, 2, 7228, 'Döbrököz'),
(789, 5, 8989, 'Dobronhegy'),
(790, 4, 8597, 'Döbrönte'),
(791, 4, 6766, 'Dóc'),
(792, 16, 4495, 'Döge'),
(793, 15, 3627, 'Domaháza'),
(794, 13, 6781, 'Domaszék'),
(795, 9, 5836, 'Dombegyház'),
(796, 9, 5745, 'Dombiratos'),
(797, 11, 7200, 'Dombóvár'),
(798, 12, 4492, 'Dombrád'),
(799, 17, 2182, 'Domony'),
(800, 17, 2027, 'Dömös'),
(801, 19, 3263, 'Domoszló'),
(802, 16, 2344, 'Dömsöd'),
(803, 18, 9147, 'Dör'),
(804, 15, 8244, 'Dörgicse'),
(805, 11, 3374, 'Dormánd'),
(806, 13, 2510, 'Dorog'),
(807, 7, 3153, 'Dorogháza'),
(808, 18, 9913, 'Döröske'),
(809, 17, 8799, 'Dötk'),
(810, 19, 3721, 'Dövény'),
(811, 2, 9791, 'Dozmat'),
(812, 3, 6342, 'Drágszél'),
(813, 1, 7849, 'Drávacsehi'),
(814, 1, 7846, 'Drávacsepely'),
(815, 1, 7967, 'Drávafok'),
(816, 14, 7977, 'Drávagárdony'),
(817, 1, 7960, 'Drávaiványi'),
(818, 1, 7967, 'Drávakeresztúr'),
(819, 1, 7850, 'Drávapalkonya'),
(820, 1, 7843, 'Drávapiski'),
(821, 1, 7851, 'Drávaszabolcs'),
(822, 1, 7847, 'Drávaszerdahely'),
(823, 1, 7960, 'Drávasztára'),
(824, 14, 7979, 'Drávatamási'),
(825, 12, 2646, 'Drégelypalánk'),
(826, 2, 3635, 'Dubicsány'),
(827, 18, 8416, 'Dudar'),
(828, 17, 9556, 'Duka'),
(829, 11, 2545, 'Dunaalmás'),
(830, 13, 2023, 'Dunabogdány'),
(831, 3, 6323, 'Dunaegyháza'),
(832, 3, 6513, 'Dunafalva'),
(833, 16, 7020, 'Dunaföldvár'),
(834, 13, 2330, 'Dunaharaszti'),
(835, 13, 2120, 'Dunakeszi'),
(836, 7, 9225, 'Dunakiliti'),
(837, 3, 6328, 'Dunapataj'),
(838, 7, 9235, 'Dunaremete'),
(839, 7, 9174, 'Dunaszeg'),
(840, 1, 7712, 'Dunaszekcső'),
(841, 3, 6333, 'Dunaszentbenedek'),
(842, 16, 7135, 'Dunaszentgyörgy'),
(843, 11, 2897, 'Dunaszentmiklós'),
(844, 7, 9175, 'Dunaszentpál'),
(845, 7, 9226, 'Dunasziget'),
(846, 3, 6325, 'Dunatetétlen'),
(847, 6, 2407, 'Dunaújváros'),
(848, 6, 2400, 'Dunaújváros'),
(849, 13, 2336, 'Dunavarsány'),
(850, 3, 6087, 'Dunavecse'),
(851, 3, 6353, 'Dusnok'),
(852, 16, 7224, 'Dúzs'),
(853, 7, 9451, 'Ebergőc'),
(854, 8, 4211, 'Ebes'),
(855, 7, 9083, 'Écs'),
(856, 9, 3013, 'Ecséd'),
(857, 12, 3053, 'Ecseg'),
(858, 4, 5515, 'Ecsegfalva'),
(859, 14, 7457, 'Ecseny'),
(860, 13, 2233, 'Ecser'),
(861, 14, 7443, 'Edde'),
(862, 2, 3783, 'Edelény'),
(863, 2, 3780, 'Edelény'),
(864, 7, 9343, 'Edve'),
(865, 9, 3304, 'Eger'),
(866, 9, 3323, 'Eger'),
(867, 9, 3300, 'Eger'),
(868, 1, 7763, 'Egerág'),
(869, 18, 8497, 'Egeralja'),
(870, 19, 8765, 'Egeraracsa'),
(871, 9, 3321, 'Egerbakta'),
(872, 9, 3337, 'Egerbocs'),
(873, 9, 3341, 'Egercsehi'),
(874, 9, 3379, 'Egerfarmos'),
(875, 2, 3461, 'Egerlövő'),
(876, 9, 3394, 'Egerszalók'),
(877, 9, 3757, 'Égerszög'),
(878, 2, 3328, 'Egerszólát'),
(879, 19, 8913, 'Egervár'),
(880, 17, 9684, 'Egervölgy'),
(881, 7, 9314, 'Egyed'),
(882, 8, 4067, 'Egyek'),
(883, 8, 4069, 'Egyek'),
(884, 12, 3043, 'Egyházasdengeleg'),
(885, 7, 9473, 'Egyházasfalu'),
(886, 12, 3185, 'Egyházasgerge'),
(887, 1, 7824, 'Egyházasharaszti'),
(888, 17, 9554, 'Egyházashetye'),
(889, 17, 9781, 'Egyházashollós'),
(890, 18, 8523, 'Egyházaskesző'),
(891, 1, 7347, 'Egyházaskozár'),
(892, 17, 9783, 'Egyházasrádóc'),
(893, 4, 5742, 'Elek'),
(894, 1, 7744, 'Ellend'),
(895, 6, 2423, 'Előszállás'),
(896, 6, 2424, 'Előszállás'),
(897, 2, 3432, 'Emőd'),
(898, 2, 3854, 'Encs'),
(899, 2, 3860, 'Encs'),
(900, 15, 4374, 'Encsencs'),
(901, 12, 3165, 'Endrefalva'),
(902, 1, 7973, 'Endrőc'),
(903, 7, 9143, 'Enese'),
(904, 6, 8131, 'Enying'),
(905, 6, 8130, 'Enying'),
(906, 5, 6624, 'Eperjes'),
(907, 15, 4646, 'Eperjeske'),
(908, 18, 8413, 'Eplény'),
(909, 11, 2526, 'Epöl'),
(910, 6, 2453, 'Ercsi'),
(911, 6, 2451, 'Ercsi'),
(912, 13, 2036, 'Érd'),
(913, 13, 2035, 'Érd'),
(914, 13, 2030, 'Érd'),
(915, 2, 3932, 'Erdőbénye'),
(916, 2, 3935, 'Erdőhorváti'),
(917, 13, 2113, 'Erdőkertes'),
(918, 9, 3252, 'Erdőkövesd'),
(919, 12, 2176, 'Erdőkürt'),
(920, 1, 7735, 'Erdősmárok'),
(921, 1, 7723, 'Erdősmecske'),
(922, 12, 2177, 'Erdőtarcsa'),
(923, 9, 3358, 'Erdőtelek'),
(924, 9, 3295, 'Erk'),
(925, 15, 4245, 'Érpatak'),
(926, 3, 6347, 'Érsekcsanád'),
(927, 3, 6348, 'Érsekhalma'),
(928, 12, 2659, 'Érsekvadkert'),
(929, 16, 7093, 'Értény'),
(930, 1, 7661, 'Erzsébet'),
(931, 8, 4124, 'Esztár'),
(932, 19, 8882, 'Eszteregnye'),
(933, 19, 8742, 'Esztergályhorváti'),
(934, 11, 2509, 'Esztergom'),
(935, 11, 2500, 'Esztergom'),
(936, 11, 2947, 'Ete'),
(937, 12, 3136, 'Etes'),
(938, 6, 2091, 'Etyek'),
(939, 15, 4354, 'Fábiánháza'),
(940, 5, 6625, 'Fábiánsebestyén'),
(941, 16, 7136, 'Fácánkert'),
(942, 16, 7139, 'Fadd'),
(943, 16, 7133, 'Fadd'),
(944, 2, 3865, 'Fáj'),
(945, 3, 6352, 'Fajsz'),
(946, 2, 3855, 'Fancsal'),
(947, 7, 9321, 'Farád'),
(948, 18, 8582, 'Farkasgyepű'),
(949, 2, 3608, 'Farkaslyuk'),
(950, 13, 2765, 'Farmos'),
(951, 1, 7732, 'Fazekasboda'),
(952, 9, 3255, 'Fedémes'),
(953, 10, 5213, 'Fegyvernek'),
(954, 10, 5231, 'Fegyvernek'),
(955, 15, 4900, 'Fehérgyarmat'),
(956, 7, 9163, 'Fehértó'),
(957, 6, 8052, 'Fehérvárcsurgó'),
(958, 1, 7724, 'Feked'),
(959, 7, 9211, 'Feketeerdő'),
(960, 6, 8086, 'Felcsút'),
(961, 9, 3352, 'Feldebrő'),
(962, 5, 6645, 'Felgyő'),
(963, 7, 9122, 'Felpéc'),
(964, 2, 3985, 'Felsőberecki'),
(965, 17, 9794, 'Felsőcsatár'),
(966, 2, 3847, 'Felsődobsza'),
(967, 1, 7370, 'Felsőegerszeg'),
(968, 2, 3837, 'Felsőgagy'),
(969, 17, 9934, 'Felsőjánosfa'),
(970, 2, 3722, 'Felsőkelecsény'),
(971, 3, 6055, 'Felsőlajos'),
(972, 17, 9918, 'Felsőmarác'),
(973, 14, 7456, 'Felsőmocsolád'),
(974, 16, 7175, 'Felsőnána'),
(975, 2, 3721, 'Felsőnyárád'),
(976, 16, 7099, 'Felsőnyék'),
(977, 18, 8227, 'Felsőörs'),
(978, 19, 8380, 'Felsőpáhok'),
(979, 13, 2363, 'Felsőpakony'),
(980, 12, 2611, 'Felsőpetény'),
(981, 19, 8767, 'Felsőrajk'),
(982, 2, 3989, 'Felsőregmec'),
(983, 19, 8973, 'Felsőszenterzsébet'),
(984, 3, 6447, 'Felsőszentiván'),
(985, 1, 7968, 'Felsőszentmárton'),
(986, 17, 9985, 'Felsőszölnök'),
(987, 9, 3324, 'Felsőtárkány'),
(988, 2, 3735, 'Felsőtelekes'),
(989, 12, 3067, 'Felsőtold'),
(990, 2, 3814, 'Felsővadász'),
(991, 2, 3561, 'Felsőzsolca'),
(992, 15, 4621, 'Fényeslitke'),
(993, 18, 8432, 'Fenyőfő'),
(994, 5, 6774, 'Ferencszállás'),
(995, 7, 9493, 'Fertőboz'),
(996, 7, 9433, 'Fertőd'),
(997, 7, 9431, 'Fertőd'),
(998, 7, 9442, 'Fertőendréd'),
(999, 7, 9492, 'Fertőhomok'),
(1000, 7, 9421, 'Fertőrákos'),
(1001, 7, 9444, 'Fertőszentmiklós'),
(1002, 7, 9436, 'Fertőszéplak'),
(1003, 14, 7282, 'Fiad'),
(1004, 2, 3994, 'Filkeháza'),
(1005, 19, 8835, 'Fityeház'),
(1006, 3, 6331, 'Foktő'),
(1007, 8, 6922, 'Földeák'),
(1008, 14, 4177, 'Földes'),
(1009, 2, 4090, 'Folyás'),
(1010, 14, 7271, 'Fonó'),
(1011, 14, 3893, 'Fony'),
(1012, 5, 8732, 'Főnyed'),
(1013, 2, 8644, 'Fonyód'),
(1014, 13, 8640, 'Fonyód'),
(1015, 5, 6793, 'Forráskút'),
(1016, 8, 3849, 'Forró'),
(1017, 14, 2151, 'Fót'),
(1018, 2, 8157, 'Füle'),
(1019, 8, 4964, 'Fülesd'),
(1020, 6, 3864, 'Fulókércs'),
(1021, 15, 4266, 'Fülöp'),
(1022, 8, 6042, 'Fülöpháza'),
(1023, 3, 6116, 'Fülöpjakab'),
(1024, 3, 6085, 'Fülöpszállás'),
(1025, 3, 4754, 'Fülpösdaróc'),
(1026, 15, 7087, 'Fürged'),
(1027, 16, 4141, 'Furta'),
(1028, 2, 3996, 'Füzér'),
(1029, 2, 3994, 'Füzérkajata'),
(1030, 2, 3997, 'Füzérkomlós'),
(1031, 2, 3993, 'Füzérradvány'),
(1032, 9, 3390, 'Füzesabony'),
(1033, 4, 5525, 'Füzesgyarmat'),
(1034, 19, 8777, 'Füzvölgy'),
(1035, 8, 4122, 'Gáborján'),
(1036, 19, 8969, 'Gáborjánháza'),
(1037, 15, 4972, 'Gacsály'),
(1038, 14, 7276, 'Gadács'),
(1039, 14, 8716, 'Gadány'),
(1040, 2, 3815, 'Gadna'),
(1041, 4, 5932, 'Gádoros'),
(1042, 2, 3837, 'Gagyapáti'),
(1043, 2, 3817, 'Gagybátor'),
(1044, 2, 3816, 'Gagyvendégi'),
(1045, 19, 8754, 'Galambok'),
(1046, 12, 2686, 'Galgaguta'),
(1047, 13, 2681, 'Galgagyörk'),
(1048, 13, 2193, 'Galgahévíz'),
(1049, 13, 2183, 'Galgamácsa'),
(1050, 14, 7473, 'Gálosfa'),
(1051, 2, 3752, 'Galvács'),
(1052, 14, 8685, 'Gamás'),
(1053, 18, 8597, 'Ganna'),
(1054, 6, 8082, 'Gánt'),
(1055, 3, 6522, 'Gara'),
(1056, 12, 3067, 'Garáb'),
(1057, 19, 8747, 'Garabonc'),
(1058, 2, 3873, 'Garadna'),
(1059, 15, 4976, 'Garbolc'),
(1060, 6, 2484, 'Gárdony'),
(1061, 6, 2485, 'Gárdony'),
(1062, 6, 2483, 'Gárdony'),
(1063, 1, 7812, 'Garé'),
(1064, 17, 9952, 'Gasztony'),
(1065, 3, 6111, 'Gátér'),
(1066, 15, 4471, 'Gávavencsellő'),
(1067, 15, 4472, 'Gávavencsellő'),
(1068, 15, 4754, 'Géberjén'),
(1069, 18, 8543, 'Gecse'),
(1070, 3, 6334, 'Géderlak'),
(1071, 15, 4517, 'Gégény'),
(1072, 2, 3444, 'Gelej'),
(1073, 15, 4935, 'Gelénes'),
(1074, 19, 8981, 'Gellénháza'),
(1075, 19, 8774, 'Gelse'),
(1076, 19, 8774, 'Gelsesziget'),
(1077, 15, 4567, 'Gemzse'),
(1078, 17, 9721, 'Gencsapáti'),
(1079, 17, 9672, 'Gérce'),
(1080, 1, 7951, 'Gerde'),
(1081, 4, 5925, 'Gerendás'),
(1082, 1, 7362, 'Gerényes'),
(1083, 1, 7733, 'Geresdlak'),
(1084, 16, 7134, 'Gerjen'),
(1085, 17, 9813, 'Gersekarát'),
(1086, 4, 5734, 'Geszt'),
(1087, 2, 3923, 'Gesztely'),
(1088, 2, 3715, 'Gesztely'),
(1089, 15, 4232, 'Geszteréd'),
(1090, 19, 8762, 'Gétye'),
(1091, 18, 8435, 'Gic'),
(1092, 14, 7527, 'Gige'),
(1093, 1, 7954, 'Gilvánfa'),
(1094, 2, 3578, 'Girincs'),
(1095, 18, 2131, 'Göd'),
(1096, 2, 2132, 'Göd'),
(1097, 13, 2100, 'Gödöllő'),
(1098, 19, 7386, 'Gödre'),
(1099, 17, 7385, 'Gödre'),
(1100, 1, 8346, 'Gógánfa'),
(1101, 19, 7272, 'Gölle'),
(1102, 13, 3906, 'Golop'),
(1103, 13, 2217, 'Gomba'),
(1104, 13, 8984, 'Gombosszeg'),
(1105, 1, 3728, 'Gömörszőlős'),
(1106, 1, 3895, 'Gönc'),
(1107, 14, 3894, 'Göncruszka'),
(1108, 2, 9071, 'Gönyű'),
(1109, 2, 9625, 'Gór'),
(1110, 2, 4075, 'Görbeháza'),
(1111, 7, 7833, 'Görcsöny'),
(1112, 8, 7728, 'Görcsönydoboka'),
(1113, 1, 7853, 'Gordisa'),
(1114, 1, 7553, 'Görgeteg'),
(1115, 14, 8913, 'Gősfa'),
(1116, 19, 8978, 'Gosztola'),
(1117, 16, 7162, 'Grábóc'),
(1118, 15, 4842, 'Gulács'),
(1119, 19, 8951, 'Gutorfölde'),
(1120, 13, 2360, 'Gyál'),
(1121, 7, 9474, 'Gyalóka'),
(1122, 17, 9774, 'Gyanógeregye'),
(1123, 7, 9126, 'Gyarmat'),
(1124, 14, 8851, 'Gyékényes'),
(1125, 19, 8315, 'Gyenesdiás'),
(1126, 18, 8473, 'Gyepükaján'),
(1127, 11, 2821, 'Gyermely'),
(1128, 1, 7668, 'Gyód'),
(1129, 4, 5502, 'Gyomaendrőd'),
(1130, 4, 5500, 'Gyomaendrőd'),
(1131, 7, 9124, 'Gyömöre'),
(1132, 7, 2230, 'Gyömrő'),
(1133, 13, 7954, 'Gyöngyfa'),
(1134, 1, 3221, 'Gyöngyös'),
(1135, 9, 3232, 'Gyöngyös'),
(1136, 9, 3233, 'Gyöngyös'),
(1137, 9, 3200, 'Gyöngyös'),
(1138, 9, 9723, 'Gyöngyösfalu'),
(1139, 17, 3212, 'Gyöngyöshalász'),
(1140, 9, 7972, 'Gyöngyösmellék'),
(1141, 1, 3211, 'Gyöngyösoroszi'),
(1142, 9, 3035, 'Gyöngyöspata'),
(1143, 9, 3231, 'Gyöngyössolymos'),
(1144, 9, 3036, 'Gyöngyöstarján'),
(1145, 9, 7064, 'Gyönk'),
(1146, 16, 9019, 'Győr'),
(1147, 7, 9011, 'Győr'),
(1148, 7, 9012, 'Győr'),
(1149, 7, 9000, 'Győr'),
(1150, 7, 9021, 'Győr'),
(1151, 7, 9022, 'Győr'),
(1152, 7, 9023, 'Győr'),
(1153, 7, 9024, 'Győr'),
(1154, 7, 9025, 'Győr'),
(1155, 7, 9026, 'Győr'),
(1156, 7, 9027, 'Győr'),
(1157, 7, 9028, 'Győr'),
(1158, 7, 9029, 'Győr'),
(1159, 7, 9030, 'Győr'),
(1160, 7, 9093, 'Győrasszonyfa'),
(1161, 7, 7352, 'Györe'),
(1162, 16, 3954, 'Györgytarló'),
(1163, 2, 7045, 'Györköny'),
(1164, 16, 9173, 'Győrladamér'),
(1165, 7, 9363, 'Gyóró'),
(1166, 15, 4625, 'Győröcske'),
(1167, 7, 9084, 'Győrság'),
(1168, 7, 9161, 'Győrsövényház'),
(1169, 7, 9121, 'Győrszemere'),
(1170, 15, 4752, 'Győrtelek'),
(1171, 7, 9081, 'Győrújbarát'),
(1172, 7, 9171, 'Győrújfalu'),
(1173, 17, 9821, 'Győrvár'),
(1174, 7, 9172, 'Győrzámoly'),
(1175, 14, 8692, 'Gyugy'),
(1176, 4, 4733, 'Gyügye'),
(1177, 4, 5711, 'Gyula'),
(1178, 4, 5703, 'Gyula'),
(1179, 15, 5700, 'Gyula'),
(1180, 16, 4545, 'Gyulaháza'),
(1181, 18, 7227, 'Gyulaj'),
(1182, 6, 8286, 'Gyulakeszi'),
(1183, 15, 4813, 'Gyüre'),
(1184, 15, 2464, 'Gyúró'),
(1185, 19, 8932, 'Gyűrűs'),
(1186, 14, 8694, 'Hács'),
(1187, 19, 8992, 'Hagyárosbörönd'),
(1188, 19, 8771, 'Hahót'),
(1189, 8, 4273, 'Hajdúbagos'),
(1190, 8, 4224, 'Hajdúböszörmény'),
(1191, 8, 4086, 'Hajdúböszörmény'),
(1192, 8, 4074, 'Hajdúböszörmény'),
(1193, 8, 4220, 'Hajdúböszörmény'),
(1194, 8, 4087, 'Hajdúdorog'),
(1195, 8, 4242, 'Hajdúhadház'),
(1196, 8, 4085, 'Hajdúnánás'),
(1197, 8, 4080, 'Hajdúnánás'),
(1198, 8, 4251, 'Hajdúsámson'),
(1199, 8, 4200, 'Hajdúszoboszló'),
(1200, 8, 4212, 'Hajdúszovát'),
(1201, 14, 7473, 'Hajmás'),
(1202, 18, 8192, 'Hajmáskér'),
(1203, 3, 6344, 'Hajós'),
(1204, 17, 9814, 'Halastó'),
(1205, 7, 9228, 'Halászi'),
(1206, 13, 2314, 'Halásztelek'),
(1207, 18, 8452, 'Halimba'),
(1208, 2, 3842, 'Halmaj'),
(1209, 9, 3273, 'Halmajugra'),
(1210, 17, 9917, 'Halogy'),
(1211, 2, 3795, 'Hangács'),
(1212, 2, 3626, 'Hangony'),
(1213, 6, 2434, 'Hantos'),
(1214, 17, 9784, 'Harasztifalu'),
(1215, 16, 7172, 'Harc'),
(1216, 7, 9422, 'Harka'),
(1217, 3, 6136, 'Harkakötöny'),
(1218, 1, 7815, 'Harkány'),
(1219, 14, 7585, 'Háromfa'),
(1220, 2, 3936, 'Háromhuta'),
(1221, 2, 3555, 'Harsány'),
(1222, 18, 8442, 'Hárskút'),
(1223, 3, 6327, 'Harta'),
(1224, 3, 6326, 'Harta'),
(1225, 1, 7745, 'Hásságy'),
(1226, 9, 3000, 'Hatvan'),
(1227, 7, 9178, 'Hédervár'),
(1228, 14, 7533, 'Hedrehely'),
(1229, 18, 8296, 'Hegyesd'),
(1230, 7, 9222, 'Hegyeshalom'),
(1231, 17, 9631, 'Hegyfalu'),
(1232, 17, 9915, 'Hegyháthodász'),
(1233, 1, 7348, 'Hegyhátmaróc'),
(1234, 17, 9915, 'Hegyhátsál'),
(1235, 17, 9934, 'Hegyhátszentjakab'),
(1236, 17, 9931, 'Hegyhátszentmárton'),
(1237, 17, 9826, 'Hegyhátszentpéter'),
(1238, 7, 9437, 'Hegykő'),
(1239, 18, 8265, 'Hegymagas'),
(1240, 2, 3786, 'Hegymeg'),
(1241, 1, 7837, 'Hegyszentmárton'),
(1242, 12, 3041, 'Héhalom'),
(1243, 2, 3892, 'Hejce'),
(1244, 2, 3593, 'Hejőbába'),
(1245, 2, 3597, 'Hejőkeresztúr'),
(1246, 2, 3588, 'Hejőkürt'),
(1247, 2, 3594, 'Hejőpapi'),
(1248, 2, 3595, 'Hejőszalonta'),
(1249, 1, 7683, 'Helesfa'),
(1250, 3, 6034, 'Helvécia'),
(1251, 8, 4123, 'Hencida'),
(1252, 14, 7532, 'Hencse'),
(1253, 13, 2053, 'Herceghalom'),
(1254, 2, 3958, 'Hercegkút'),
(1255, 3, 6525, 'Hercegszántó'),
(1256, 9, 3011, 'Heréd'),
(1257, 11, 2832, 'Héreg'),
(1258, 12, 2677, 'Herencsény'),
(1259, 18, 8440, 'Herend'),
(1260, 14, 7587, 'Heresznye'),
(1261, 15, 4735, 'Hermánszeg'),
(1262, 13, 2376, 'Hernád'),
(1263, 2, 3853, 'Hernádbűd'),
(1264, 2, 3887, 'Hernádcéce'),
(1265, 2, 3563, 'Hernádkak'),
(1266, 2, 3846, 'Hernádkércs'),
(1267, 2, 3564, 'Hernádnémeti'),
(1268, 2, 3874, 'Hernádpetri'),
(1269, 2, 3852, 'Hernádszentandrás'),
(1270, 2, 3875, 'Hernádszurdok'),
(1271, 2, 3874, 'Hernádvécse'),
(1272, 19, 8957, 'Hernyék'),
(1273, 2, 3655, 'Hét'),
(1274, 15, 4843, 'Hetefejércse'),
(1275, 14, 7432, 'Hetes'),
(1276, 1, 7681, 'Hetvehely'),
(1277, 18, 8344, 'Hetyefő'),
(1278, 9, 3360, 'Heves'),
(1279, 9, 3322, 'Hevesaranyos'),
(1280, 9, 3383, 'Hevesvezekény'),
(1281, 19, 8380, 'Hévíz'),
(1282, 13, 2192, 'Hévízgyörk'),
(1283, 1, 7696, 'Hidas'),
(1284, 2, 3876, 'Hidasnémeti'),
(1285, 18, 8247, 'Hidegkút'),
(1286, 7, 9491, 'Hidegség'),
(1287, 2, 3768, 'Hidvégardó'),
(1288, 1, 7735, 'Himesháza'),
(1289, 7, 9362, 'Himod'),
(1290, 1, 7838, 'Hirics'),
(1291, 1, 7971, 'Hobol'),
(1292, 15, 4334, 'Hodász'),
(1293, 5, 6806, 'Hódmezővásárhely'),
(1294, 5, 6800, 'Hódmezővásárhely'),
(1295, 14, 7191, 'Hőgyész'),
(1296, 2, 8731, 'Hollád'),
(1297, 12, 3999, 'Hollóháza'),
(1298, 18, 3176, 'Hollókő'),
(1299, 19, 8563, 'Homokbödöge'),
(1300, 3, 8777, 'Homokkomárom'),
(1301, 14, 6341, 'Homokmégy'),
(1302, 1, 7537, 'Homokszentgyörgy'),
(1303, 2, 7716, 'Homorúd'),
(1304, 12, 3812, 'Homrogd'),
(1305, 12, 2647, 'Hont'),
(1306, 9, 2658, 'Horpács'),
(1307, 8, 3014, 'Hort'),
(1308, 1, 4071, 'Hortobágy'),
(1309, 17, 7935, 'Horváthertelend'),
(1310, 17, 9796, 'Horvátlövő'),
(1311, 1, 9733, 'Horvátzsidány'),
(1312, 8, 7694, 'Hosszúhetény'),
(1313, 17, 4274, 'Hosszúpályi'),
(1314, 14, 9676, 'Hosszúpereszteg'),
(1315, 19, 8716, 'Hosszúvíz'),
(1316, 18, 8777, 'Hosszúvölgy'),
(1317, 19, 8475, 'Hosztót'),
(1318, 16, 8991, 'Hottó'),
(1319, 7, 9361, 'Hövej'),
(1320, 12, 2672, 'Hugyag'),
(1321, 4, 5555, 'Hunya'),
(1322, 10, 5063, 'Hunyadfalva'),
(1323, 1, 7678, 'Husztót'),
(1324, 1, 7935, 'Ibafa'),
(1325, 19, 8984, 'Iborfia'),
(1326, 15, 4484, 'Ibrány'),
(1327, 14, 7275, 'Igal'),
(1328, 6, 7016, 'Igar'),
(1329, 6, 7015, 'Igar'),
(1330, 2, 3459, 'Igrici'),
(1331, 14, 8726, 'Iharos'),
(1332, 14, 8725, 'Iharosberény'),
(1333, 17, 9756, 'Ikervár'),
(1334, 13, 2181, 'Iklad'),
(1335, 17, 9634, 'Iklanberény'),
(1336, 19, 8958, 'Iklódbördőce'),
(1337, 7, 9141, 'Ikrény'),
(1338, 12, 2675, 'Iliny'),
(1339, 15, 4566, 'Ilk'),
(1340, 1, 7775, 'Illocska'),
(1341, 2, 3724, 'Imola'),
(1342, 3, 6238, 'Imrehegy'),
(1343, 2, 3851, 'Ináncs'),
(1344, 13, 2365, 'Inárcs'),
(1345, 14, 8724, 'Inke'),
(1346, 1, 7847, 'Ipacsfa'),
(1347, 13, 2631, 'Ipolydamásd'),
(1348, 12, 3138, 'Ipolytarnóc'),
(1349, 13, 2633, 'Ipolytölgyes'),
(1350, 12, 2669, 'Ipolyvece'),
(1351, 16, 7095, 'Iregszemcse'),
(1352, 2, 3786, 'Irota'),
(1353, 13, 2117, 'Isaszeg'),
(1354, 17, 9941, 'Ispánk'),
(1355, 9, 3253, 'Istenmezeje'),
(1356, 14, 7987, 'Istvándi'),
(1357, 6, 8043, 'Iszkaszentgyörgy'),
(1358, 18, 8493, 'Iszkáz'),
(1359, 6, 8045, 'Isztimér'),
(1360, 9, 3248, 'Ivád'),
(1361, 7, 9374, 'Iván'),
(1362, 1, 7772, 'Ivánbattyán'),
(1363, 17, 9931, 'Ivánc'),
(1364, 6, 2454, 'Iváncsa'),
(1365, 1, 7781, 'Ivándárda'),
(1366, 16, 7353, 'Izmény'),
(1367, 3, 6070, 'Izsák'),
(1368, 2, 3741, 'Izsófalva'),
(1369, 16, 7362, 'Jágónak'),
(1370, 17, 9798, 'Ják'),
(1371, 3, 6078, 'Jakabszállás'),
(1372, 17, 9643, 'Jákfa'),
(1373, 2, 3721, 'Jákfalva'),
(1374, 14, 7525, 'Jákó'),
(1375, 15, 4841, 'Jánd'),
(1376, 15, 4741, 'Jánkmajtis'),
(1377, 3, 6440, 'Jánoshalma'),
(1378, 17, 9545, 'Jánosháza'),
(1379, 10, 5143, 'Jánoshida'),
(1380, 7, 9241, 'Jánossomorja'),
(1381, 7, 9242, 'Jánossomorja'),
(1382, 2, 3664, 'Járdánháza'),
(1383, 15, 4337, 'Jármi'),
(1384, 18, 8424, 'Jásd'),
(1385, 10, 5124, 'Jászágó'),
(1386, 10, 5054, 'Jászalsószentgyörgy'),
(1387, 10, 5130, 'Jászapáti'),
(1388, 10, 5123, 'Jászárokszállás'),
(1389, 10, 5152, 'Jászberény'),
(1390, 10, 5100, 'Jászberény'),
(1391, 10, 5144, 'Jászboldogháza'),
(1392, 10, 5122, 'Jászdózsa'),
(1393, 10, 5111, 'Jászfelsőszentgyörgy'),
(1394, 10, 5126, 'Jászfényszaru'),
(1395, 10, 5135, 'Jászivány'),
(1396, 10, 5121, 'Jászjákóhalma'),
(1397, 13, 2746, 'Jászkarajenő'),
(1398, 10, 5137, 'Jászkisér'),
(1399, 10, 5055, 'Jászladány'),
(1400, 10, 5136, 'Jászszentandrás'),
(1401, 3, 6133, 'Jászszentlászló'),
(1402, 10, 5141, 'Jásztelek'),
(1403, 15, 4611, 'Jéke'),
(1404, 6, 8146, 'Jenő'),
(1405, 7, 9323, 'Jobaháza'),
(1406, 12, 3063, 'Jobbágyi'),
(1407, 2, 3758, 'Jósvafő'),
(1408, 14, 7431, 'Juta'),
(1409, 8, 4183, 'Kaba'),
(1410, 19, 8773, 'Kacorlak'),
(1411, 2, 3424, 'Kács'),
(1412, 1, 7940, 'Kacsóta'),
(1413, 14, 7530, 'Kadarkút'),
(1414, 7, 9123, 'Kajárpéc'),
(1415, 6, 2472, 'Kajászó'),
(1416, 16, 7051, 'Kajdacs'),
(1417, 16, 7122, 'Kakasd'),
(1418, 1, 7958, 'Kákics'),
(1419, 13, 2366, 'Kakucs'),
(1420, 9, 3350, 'Kál'),
(1421, 16, 7194, 'Kalaznó'),
(1422, 17, 9673, 'Káld'),
(1423, 12, 2175, 'Kálló'),
(1424, 19, 8785, 'Kallósd'),
(1425, 15, 4324, 'Kállósemjén'),
(1426, 14, 7538, 'Kálmáncsa'),
(1427, 15, 4434, 'Kálmánháza'),
(1428, 19, 8988, 'Kálócfa'),
(1429, 3, 6300, 'Kalocsa'),
(1430, 6, 8124, 'Káloz'),
(1431, 17, 9841, 'Kám'),
(1432, 18, 8469, 'Kamond'),
(1433, 4, 5673, 'Kamut'),
(1434, 2, 3735, 'Kánó'),
(1435, 15, 4335, 'Kántorjánosi'),
(1436, 2, 3821, 'Kány'),
(1437, 14, 8667, 'Kánya'),
(1438, 19, 8956, 'Kányavár'),
(1439, 18, 8294, 'Kapolcs'),
(1440, 9, 3355, 'Kápolna'),
(1441, 6, 2475, 'Kápolnásnyék'),
(1442, 14, 8671, 'Kapoly'),
(1443, 14, 7523, 'Kaposfő'),
(1444, 14, 7473, 'Kaposgyarmat'),
(1445, 14, 7261, 'Kaposhomok'),
(1446, 14, 7258, 'Kaposkeresztúr'),
(1447, 14, 7521, 'Kaposmérő'),
(1448, 16, 7251, 'Kapospula'),
(1449, 16, 7361, 'Kaposszekcső'),
(1450, 14, 7476, 'Kaposszerdahely'),
(1451, 14, 7522, 'Kaposújlak'),
(1452, 14, 7400, 'Kaposvár'),
(1453, 18, 8471, 'Káptalanfa'),
(1454, 18, 8283, 'Káptalantóti'),
(1455, 7, 9339, 'Kapuvár'),
(1456, 7, 9330, 'Kapuvár'),
(1457, 14, 7285, 'Kára'),
(1458, 9, 3281, 'Karácsond'),
(1459, 14, 8676, 'Karád'),
(1460, 17, 9547, 'Karakó'),
(1461, 18, 8491, 'Karakószörcsök'),
(1462, 12, 3181, 'Karancsalja'),
(1463, 12, 3137, 'Karancsberény'),
(1464, 12, 3183, 'Karancskeszi'),
(1465, 12, 3182, 'Karancslapujtő'),
(1466, 12, 3163, 'Karancsság'),
(1467, 1, 7333, 'Kárász'),
(1468, 10, 5300, 'Karcag'),
(1469, 2, 3963, 'Karcsa'),
(1470, 4, 5552, 'Kardos'),
(1471, 4, 5945, 'Kardoskút'),
(1472, 19, 8354, 'Karmacs'),
(1473, 2, 3962, 'Karos'),
(1474, 13, 2173, 'Kartal'),
(1475, 1, 7827, 'Kásád'),
(1476, 3, 6211, 'Kaskantyú'),
(1477, 14, 7977, 'Kastélyosdombó'),
(1478, 4, 5948, 'Kaszaper'),
(1479, 14, 7564, 'Kaszó'),
(1480, 1, 7914, 'Katádfa'),
(1481, 17, 9915, 'Katafa'),
(1482, 1, 7661, 'Kátoly'),
(1483, 3, 6455, 'Katymár'),
(1484, 13, 2215, 'Káva'),
(1485, 19, 8994, 'Kávás'),
(1486, 12, 3147, 'Kazár'),
(1487, 12, 3127, 'Kazár'),
(1488, 2, 3700, 'Kazincbarcika'),
(1489, 2, 3831, 'Kázsmárk'),
(1490, 14, 7274, 'Kazsok'),
(1491, 3, 6237, 'Kecel'),
(1492, 11, 2852, 'Kecskéd'),
(1493, 3, 6044, 'Kecskemét'),
(1494, 3, 6008, 'Kecskemét'),
(1495, 3, 6000, 'Kecskemét'),
(1496, 19, 8784, 'Kehidakustány'),
(1497, 15, 4515, 'Kék'),
(1498, 15, 4494, 'Kékcse'),
(1499, 2, 3899, 'Kéked'),
(1500, 1, 7661, 'Kékesd'),
(1501, 18, 8254, 'Kékkút'),
(1502, 3, 6423, 'Kelebia'),
(1503, 17, 9549, 'Keléd'),
(1504, 2, 3728, 'Kelemér'),
(1505, 3, 6444, 'Kéleshalom'),
(1506, 14, 8714, 'Kelevíz'),
(1507, 15, 4501, 'Kemecse'),
(1508, 13, 2638, 'Kemence'),
(1509, 19, 8931, 'Kemendollár'),
(1510, 18, 8516, 'Kemeneshőgyész'),
(1511, 17, 9553, 'Kemeneskápolna'),
(1512, 17, 9522, 'Kemenesmagasi'),
(1513, 17, 9511, 'Kemenesmihályfa'),
(1514, 17, 9544, 'Kemenespálfa'),
(1515, 17, 9517, 'Kemenessömjén'),
(1516, 17, 9521, 'Kemenesszentmárton'),
(1517, 18, 8518, 'Kemenesszentpéter'),
(1518, 19, 8995, 'Keménfa'),
(1519, 1, 7843, 'Kémes'),
(1520, 17, 9923, 'Kemestaródfa'),
(1521, 1, 7839, 'Kemse'),
(1522, 10, 5349, 'Kenderes'),
(1523, 10, 5331, 'Kenderes'),
(1524, 17, 9752, 'Kenéz'),
(1525, 2, 3955, 'Kenézlő'),
(1526, 10, 5083, 'Kengyel'),
(1527, 17, 9514, 'Kenyeri'),
(1528, 17, 9945, 'Kercaszomor'),
(1529, 14, 7256, 'Kercseliget'),
(1530, 9, 3396, 'Kerecsend'),
(1531, 19, 8745, 'Kerecseny'),
(1532, 3, 6041, 'Kerekegyháza'),
(1533, 14, 8618, 'Kereki'),
(1534, 11, 2882, 'Kerékteleki'),
(1535, 13, 2145, 'Kerepes'),
(1536, 13, 2144, 'Kerepes'),
(1537, 2, 3821, 'Keresztéte'),
(1538, 19, 8971, 'Kerkabarabás'),
(1539, 19, 8973, 'Kerkafalva'),
(1540, 19, 8973, 'Kerkakutas'),
(1541, 17, 9944, 'Kerkáskápolna'),
(1542, 19, 8874, 'Kerkaszentkirály'),
(1543, 19, 8879, 'Kerkateskánd'),
(1544, 15, 4912, 'Kérsemjén'),
(1545, 18, 8492, 'Kerta'),
(1546, 4, 5526, 'Kertészsziget'),
(1547, 12, 2616, 'Keszeg'),
(1548, 2, 3579, 'Kesznyéten'),
(1549, 16, 7062, 'Keszőhidegkút'),
(1550, 19, 8360, 'Keszthely'),
(1551, 11, 2517, 'Kesztölc'),
(1552, 1, 7668, 'Keszü'),
(1553, 12, 2655, 'Kétbodony'),
(1554, 4, 5741, 'Kétegyháza'),
(1555, 14, 8713, 'Kéthely'),
(1556, 10, 5411, 'Kétpó'),
(1557, 4, 5674, 'Kétsoprony'),
(1558, 1, 7975, 'Kétújfalu'),
(1559, 17, 9982, 'Kétvölgy'),
(1560, 16, 7174, 'Kéty'),
(1561, 4, 5744, 'Kevermes'),
(1562, 19, 8774, 'Kilimán'),
(1563, 7, 9181, 'Kimle'),
(1564, 6, 8044, 'Kincsesbánya'),
(1565, 2, 3657, 'Királd'),
(1566, 1, 7953, 'Királyegyháza'),
(1567, 5, 6911, 'Királyhegyes'),
(1568, 18, 8195, 'Királyszentistván'),
(1569, 18, 8284, 'Kisapáti'),
(1570, 6, 2428, 'Kisapostag'),
(1571, 15, 4921, 'Kisar'),
(1572, 14, 7523, 'Kisasszond'),
(1573, 1, 7954, 'Kisasszonyfa'),
(1574, 7, 9133, 'Kisbabot'),
(1575, 12, 3046, 'Kisbágyon'),
(1576, 7, 9062, 'Kisbajcs'),
(1577, 14, 7542, 'Kisbajom'),
(1578, 14, 7282, 'Kisbárapáti'),
(1579, 12, 3075, 'Kisbárkány'),
(1580, 11, 2881, 'Kisbér'),
(1581, 11, 2879, 'Kisbér'),
(1582, 11, 2870, 'Kisbér'),
(1583, 14, 8693, 'Kisberény'),
(1584, 18, 8477, 'Kisberzseny'),
(1585, 1, 7391, 'Kisbeszterce'),
(1586, 7, 9234, 'Kisbodak'),
(1587, 19, 8925, 'Kisbucsa'),
(1588, 1, 7756, 'Kisbudmér'),
(1589, 2, 3578, 'Kiscsécs'),
(1590, 19, 8888, 'Kiscsehi'),
(1591, 18, 8494, 'Kiscsősz'),
(1592, 1, 7814, 'Kisdér'),
(1593, 1, 7985, 'Kisdobsza'),
(1594, 4, 5837, 'Kisdombegyház'),
(1595, 16, 7159, 'Kisdorog'),
(1596, 12, 2655, 'Kisecset'),
(1597, 7, 9341, 'Kisfalud'),
(1598, 9, 3256, 'Kisfüzes'),
(1599, 19, 8356, 'Kisgörbő'),
(1600, 14, 7279, 'Kisgyalán'),
(1601, 2, 3556, 'Kisgyőr'),
(1602, 1, 7391, 'Kishajmás'),
(1603, 1, 7800, 'Kisharsány'),
(1604, 12, 3161, 'Kishartyán'),
(1605, 1, 7763, 'Kisherend'),
(1606, 15, 4977, 'Kishódos'),
(1607, 2, 3994, 'Kishuta'),
(1608, 11, 2948, 'Kisigmánd'),
(1609, 1, 7773, 'Kisjakabfalva'),
(1610, 1, 7766, 'Kiskassa'),
(1611, 2, 3843, 'Kiskinizs'),
(1612, 14, 3384, 'Kisköre'),
(1613, 9, 6200, 'Kiskőrös'),
(1614, 3, 7524, 'Kiskorpád'),
(1615, 3, 6100, 'Kiskunfélegyháza'),
(1616, 3, 6400, 'Kiskunhalas'),
(1617, 13, 2340, 'Kiskunlacháza'),
(1618, 3, 6120, 'Kiskunmajsa'),
(1619, 19, 8911, 'Kiskutas'),
(1620, 6, 8156, 'Kisláng'),
(1621, 15, 4325, 'Kisléta'),
(1622, 1, 7775, 'Kislippó'),
(1623, 18, 8446, 'Kislőd'),
(1624, 16, 7356, 'Kismányok'),
(1625, 8, 4126, 'Kismarja'),
(1626, 13, 2623, 'Kismaros'),
(1627, 15, 4737, 'Kisnamény'),
(1628, 9, 3264, 'Kisnána'),
(1629, 13, 2165, 'Kisnémedi'),
(1630, 1, 7759, 'Kisnyárád'),
(1631, 13, 2024, 'Kisoroszi'),
(1632, 15, 4956, 'Kispalád'),
(1633, 19, 8912, 'Kispáli'),
(1634, 18, 8496, 'Kispirit'),
(1635, 17, 9936, 'Kisrákos'),
(1636, 19, 8756, 'Kisrécse'),
(1637, 2, 3965, 'Kisrozvágy'),
(1638, 2, 3627, 'Kissikátor'),
(1639, 17, 9555, 'Kissomlyó'),
(1640, 3, 6421, 'Kisszállás'),
(1641, 16, 7082, 'Kisszékely'),
(1642, 15, 4963, 'Kisszekeres'),
(1643, 1, 7841, 'Kisszentmárton'),
(1644, 19, 8957, 'Kissziget'),
(1645, 18, 8483, 'Kisszőlős'),
(1646, 1, 7981, 'Kistamási'),
(1647, 1, 7823, 'Kistapolca'),
(1648, 13, 2143, 'Kistarcsa'),
(1649, 5, 6760, 'Kistelek'),
(1650, 2, 3553, 'Kistokaj'),
(1651, 19, 8868, 'Kistolmács'),
(1652, 16, 7068, 'Kistormás'),
(1653, 1, 7768, 'Kistótfalu'),
(1654, 10, 5310, 'Kisújszállás'),
(1655, 17, 9772, 'Kisunyom'),
(1656, 15, 4600, 'Kisvárda'),
(1657, 15, 4811, 'Kisvarsány'),
(1658, 19, 8341, 'Kisvásárhely'),
(1659, 1, 7381, 'Kisvaszar'),
(1660, 16, 7183, 'Kisvejke'),
(1661, 5, 6775, 'Kiszombor'),
(1662, 17, 9733, 'Kiszsidány'),
(1663, 5, 6773, 'Klárafalva'),
(1664, 11, 7334, 'Köblény'),
(1665, 13, 2898, 'Kocs'),
(1666, 16, 2755, 'Kocsér'),
(1667, 15, 9553, 'Köcsk'),
(1668, 13, 7212, 'Kocsola'),
(1669, 8, 4751, 'Kocsord'),
(1670, 18, 2243, 'Kóka'),
(1671, 8, 4284, 'Kokad'),
(1672, 11, 7668, 'Kökény'),
(1673, 11, 7530, 'Kőkút'),
(1674, 11, 4965, 'Kölcse'),
(1675, 2, 7052, 'Kölesd'),
(1676, 1, 7717, 'Kölked'),
(1677, 1, 8468, 'Kolontár'),
(1678, 15, 4138, 'Komádi'),
(1679, 14, 2903, 'Komárom'),
(1680, 2, 2921, 'Komárom'),
(1681, 15, 2900, 'Komárom'),
(1682, 9, 3765, 'Komjáti'),
(1683, 2, 7305, 'Komló'),
(1684, 17, 7300, 'Komló'),
(1685, 4, 3372, 'Kömlő'),
(1686, 7, 2853, 'Kömlőd'),
(1687, 8, 4765, 'Komlódtótfalu'),
(1688, 7, 7582, 'Komlósd'),
(1689, 16, 3937, 'Komlóska'),
(1690, 2, 4622, 'Komoró'),
(1691, 7, 4943, 'Kömörő'),
(1692, 1, 6134, 'Kömpöc'),
(1693, 13, 3356, 'Kompolt'),
(1694, 13, 3775, 'Kondó'),
(1695, 15, 9943, 'Kondorfa'),
(1696, 1, 5553, 'Kondoros'),
(1697, 1, 9144, 'Kóny'),
(1698, 2, 4133, 'Konyár'),
(1699, 12, 9495, 'Kópháza'),
(1700, 1, 7094, 'Koppányszántó'),
(1701, 19, 3886, 'Korlát'),
(1702, 1, 9909, 'Körmend'),
(1703, 17, 9900, 'Körmend'),
(1704, 1, 2851, 'Környe'),
(1705, 14, 3577, 'Köröm'),
(1706, 15, 9113, 'Koroncó'),
(1707, 16, 7841, 'Kórós'),
(1708, 1, 8617, 'Kőröshegy'),
(1709, 9, 5516, 'Körösladány'),
(1710, 11, 5539, 'Körösnagyharsány'),
(1711, 15, 4136, 'Körösszakál'),
(1712, 3, 4135, 'Körösszegapáti'),
(1713, 17, 5622, 'Köröstarcsa'),
(1714, 17, 2745, 'Kőröstetétlen'),
(1715, 11, 5536, 'Körösújfalu'),
(1716, 2, 2612, 'Kosd'),
(1717, 14, 2625, 'Kóspallag'),
(1718, 4, 8152, 'Kőszárhegy'),
(1719, 4, 9730, 'Kőszeg'),
(1720, 4, 9725, 'Kőszegdoroszló'),
(1721, 13, 9739, 'Kőszegpaty'),
(1722, 4, 9725, 'Kőszegszerdahely'),
(1723, 8, 4482, 'Kótaj'),
(1724, 8, 8627, 'Kötcse'),
(1725, 6, 5725, 'Kötegyán'),
(1726, 17, 5062, 'Kőtelek'),
(1727, 17, 7847, 'Kovácshida'),
(1728, 17, 7678, 'Kovácsszénája'),
(1729, 17, 3992, 'Kovácsvágás'),
(1730, 14, 8254, 'Kővágóörs'),
(1731, 4, 7673, 'Kővágószőlős'),
(1732, 10, 7675, 'Kővágótőttős'),
(1733, 18, 6912, 'Kövegy'),
(1734, 1, 8274, 'Köveskál'),
(1735, 1, 3053, 'Kozárd'),
(1736, 5, 7761, 'Kozármisleny'),
(1737, 18, 8988, 'Kozmadombja'),
(1738, 2, 3821, 'Krasznokvajda'),
(1739, 6, 6755, 'Kübekháza'),
(1740, 3, 2458, 'Kulcs'),
(1741, 4, 8978, 'Külsősárd'),
(1742, 3, 9532, 'Külsővat'),
(1743, 3, 6097, 'Kunadacs'),
(1744, 10, 5746, 'Kunágota'),
(1745, 3, 6435, 'Kunbaja'),
(1746, 10, 6043, 'Kunbaracs'),
(1747, 10, 5412, 'Kuncsorba'),
(1748, 3, 6413, 'Kunfehértó'),
(1749, 3, 8162, 'Küngös'),
(1750, 10, 5340, 'Kunhegyes'),
(1751, 10, 5321, 'Kunmadaras'),
(1752, 3, 6096, 'Kunpeszér'),
(1753, 7, 6115, 'Kunszállás'),
(1754, 18, 5449, 'Kunszentmárton'),
(1755, 2, 5440, 'Kunszentmárton'),
(1756, 16, 6090, 'Kunszentmiklós'),
(1757, 2, 9184, 'Kunsziget'),
(1758, 19, 8595, 'Kup'),
(1759, 14, 3813, 'Kupa'),
(1760, 12, 7226, 'Kurd'),
(1761, 5, 3732, 'Kurityán'),
(1762, 19, 8919, 'Kustánszeg'),
(1763, 18, 7541, 'Kutas'),
(1764, 18, 3066, 'Kutasó'),
(1765, 11, 2541, 'Lábatlan'),
(1766, 14, 7551, 'Lábod'),
(1767, 2, 3967, 'Lácacséke'),
(1768, 14, 7535, 'Lad'),
(1769, 3, 6045, 'Ladánybene'),
(1770, 2, 3780, 'Ládbesenyő'),
(1771, 6, 8136, 'Lajoskomárom'),
(1772, 3, 6050, 'Lajosmizse'),
(1773, 2, 3786, 'Lak'),
(1774, 19, 8913, 'Lakhegy'),
(1775, 3, 6065, 'Lakitelek'),
(1776, 14, 7918, 'Lakócsa'),
(1777, 1, 7759, 'Lánycsók'),
(1778, 16, 7214, 'Lápafő'),
(1779, 1, 7775, 'Lapáncsa'),
(1780, 15, 4543, 'Laskod'),
(1781, 19, 8887, 'Lasztonya'),
(1782, 14, 8681, 'Látrány'),
(1783, 7, 9089, 'Lázi'),
(1784, 13, 2016, 'Leányfalu'),
(1785, 11, 2518, 'Leányvár'),
(1786, 7, 9155, 'Lébény'),
(1787, 12, 2619, 'Legénd'),
(1788, 2, 3904, 'Legyesbénye'),
(1789, 2, 3832, 'Léh'),
(1790, 2, 3648, 'Lénárddaróc'),
(1791, 19, 8978, 'Lendvadedes'),
(1792, 19, 8977, 'Lendvajakabfa'),
(1793, 16, 7184, 'Lengyel'),
(1794, 14, 8693, 'Lengyeltóti'),
(1795, 19, 8966, 'Lenti'),
(1796, 19, 8960, 'Lenti'),
(1797, 6, 8132, 'Lepsény'),
(1798, 18, 8318, 'Lesencefalu'),
(1799, 18, 8319, 'Lesenceistvánd'),
(1800, 18, 8318, 'Lesencetomaj'),
(1801, 8, 4281, 'Létavértes'),
(1802, 8, 4283, 'Létavértes'),
(1803, 19, 8868, 'Letenye'),
(1804, 13, 2632, 'Letkés'),
(1805, 7, 9221, 'Levél'),
(1806, 15, 4555, 'Levelek'),
(1807, 14, 8707, 'Libickozma'),
(1808, 19, 8981, 'Lickóvadamos'),
(1809, 1, 7331, 'Liget'),
(1810, 19, 8782, 'Ligetfalva'),
(1811, 7, 9233, 'Lipót'),
(1812, 1, 7781, 'Lippó'),
(1813, 1, 7757, 'Liptód'),
(1814, 19, 8888, 'Lispeszentadorján'),
(1815, 19, 8831, 'Liszó'),
(1816, 18, 8196, 'Litér'),
(1817, 2, 3866, 'Litka'),
(1818, 12, 3186, 'Litke'),
(1819, 17, 9634, 'Lócs'),
(1820, 18, 5743, 'Lőkösháza'),
(1821, 15, 8425, 'Lókút'),
(1822, 13, 4836, 'Lónya'),
(1823, 1, 2309, 'Lórév'),
(1824, 18, 3022, 'Lőrinci'),
(1825, 6, 3024, 'Lőrinci'),
(1826, 1, 3021, 'Lőrinci');
INSERT INTO `telepules` (`telepules_id`, `megye_id`, `telepules_ir`, `telepules_megnevezese`) VALUES
(1827, 19, 7761, 'Lothárd'),
(1828, 18, 8228, 'Lovas'),
(1829, 4, 8093, 'Lovasberény'),
(1830, 9, 7720, 'Lovászhetény'),
(1831, 9, 8878, 'Lovászi'),
(1832, 9, 8553, 'Lovászpatona'),
(1833, 7, 9461, 'Lövő'),
(1834, 15, 4633, 'Lövőpetri'),
(1835, 12, 3129, 'Lucfalva'),
(1836, 12, 3188, 'Ludányhalászi'),
(1837, 9, 3274, 'Ludas'),
(1838, 17, 9724, 'Lukácsháza'),
(1839, 14, 8660, 'Lulla'),
(1840, 1, 7838, 'Lúzsok'),
(1841, 2, 3909, 'Mád'),
(1842, 3, 6456, 'Madaras'),
(1843, 16, 7026, 'Madocsa'),
(1844, 7, 9169, 'Maglóca'),
(1845, 13, 2234, 'Maglód'),
(1846, 1, 7342, 'Mágocs'),
(1847, 15, 4953, 'Magosliget'),
(1848, 15, 4556, 'Magy'),
(1849, 6, 8071, 'Magyaralmás'),
(1850, 14, 7463, 'Magyaratád'),
(1851, 4, 5667, 'Magyarbánhegyes'),
(1852, 1, 7775, 'Magyarbóly'),
(1853, 5, 6932, 'Magyarcsanád'),
(1854, 4, 5838, 'Magyardombegyház'),
(1855, 1, 7332, 'Magyaregregy'),
(1856, 14, 7441, 'Magyaregres'),
(1857, 19, 8973, 'Magyarföld'),
(1858, 12, 3133, 'Magyargéc'),
(1859, 18, 8517, 'Magyargencs'),
(1860, 1, 7394, 'Magyarhertelend'),
(1861, 8, 4137, 'Magyarhomorog'),
(1862, 7, 9346, 'Magyarkeresztúr'),
(1863, 16, 7098, 'Magyarkeszi'),
(1864, 17, 9962, 'Magyarlak'),
(1865, 1, 7925, 'Magyarlukafa'),
(1866, 1, 7954, 'Magyarmecske'),
(1867, 17, 9909, 'Magyarnádalja'),
(1868, 12, 2694, 'Magyarnándor'),
(1869, 18, 8449, 'Magyarpolány'),
(1870, 1, 7761, 'Magyarsarlós'),
(1871, 17, 9912, 'Magyarszecsőd'),
(1872, 1, 7396, 'Magyarszék'),
(1873, 19, 8776, 'Magyarszentmiklós'),
(1874, 19, 8776, 'Magyarszerdahely'),
(1875, 17, 9946, 'Magyarszombatfa'),
(1876, 1, 7954, 'Magyartelek'),
(1877, 13, 2339, 'Majosháza'),
(1878, 1, 7783, 'Majs'),
(1879, 13, 2322, 'Makád'),
(1880, 2, 3959, 'Makkoshotyka'),
(1881, 9, 3397, 'Maklár'),
(1882, 5, 6903, 'Makó'),
(1883, 5, 6900, 'Makó'),
(1884, 18, 8533, 'Malomsok'),
(1885, 2, 3434, 'Mályi'),
(1886, 2, 3645, 'Mályinka'),
(1887, 15, 4942, 'Mánd'),
(1888, 15, 4644, 'Mándok'),
(1889, 1, 7304, 'Mánfa'),
(1890, 6, 2065, 'Mány'),
(1891, 1, 7733, 'Maráza'),
(1892, 18, 9534, 'Marcalgergelyi'),
(1893, 14, 8714, 'Marcali'),
(1894, 14, 8709, 'Marcali'),
(1895, 14, 8700, 'Marcali'),
(1896, 18, 8531, 'Marcaltő'),
(1897, 18, 8532, 'Marcaltő'),
(1898, 1, 7817, 'Márfa'),
(1899, 11, 2527, 'Máriahalom'),
(1900, 7, 9231, 'Máriakálnok'),
(1901, 1, 7663, 'Máriakéménd'),
(1902, 13, 2629, 'Márianosztra'),
(1903, 15, 4326, 'Máriapócs'),
(1904, 9, 3262, 'Markaz'),
(1905, 12, 3075, 'Márkháza'),
(1906, 18, 8441, 'Márkó'),
(1907, 1, 7967, 'Markóc'),
(1908, 7, 9164, 'Markotabödöge'),
(1909, 19, 8888, 'Maróc'),
(1910, 1, 7960, 'Marócsa'),
(1911, 1, 7774, 'Márok'),
(1912, 19, 8976, 'Márokföld'),
(1913, 15, 4932, 'Márokpapi'),
(1914, 5, 6921, 'Maroslele'),
(1915, 5, 6636, 'Mártély'),
(1916, 10, 5435, 'Martfű'),
(1917, 1, 7720, 'Martonfa'),
(1918, 6, 2462, 'Martonvásár'),
(1919, 2, 3755, 'Martonyi'),
(1920, 15, 4700, 'Mátészalka'),
(1921, 3, 6452, 'Mátételke'),
(1922, 9, 3247, 'Mátraballa'),
(1923, 9, 3246, 'Mátraderecske'),
(1924, 12, 3155, 'Mátramindszent'),
(1925, 12, 3144, 'Mátranovák'),
(1926, 12, 3143, 'Mátranovák'),
(1927, 12, 3142, 'Mátraszele'),
(1928, 9, 3234, 'Mátraszentimre'),
(1929, 9, 3235, 'Mátraszentimre'),
(1930, 12, 3068, 'Mátraszőlős'),
(1931, 12, 3145, 'Mátraterenye'),
(1932, 12, 3146, 'Mátraterenye'),
(1933, 12, 3077, 'Mátraverebély'),
(1934, 6, 7854, 'Matty'),
(1935, 1, 8134, 'Mátyásdomb'),
(1936, 15, 4835, 'Mátyus'),
(1937, 1, 7351, 'Máza'),
(1938, 1, 7695, 'Mecseknádasd'),
(1939, 1, 7300, 'Mecsekpölöske'),
(1940, 7, 9176, 'Mecsér'),
(1941, 4, 5664, 'Medgyesbodzás'),
(1942, 4, 5663, 'Medgyesbodzás'),
(1943, 4, 5752, 'Medgyesegyháza'),
(1944, 4, 5666, 'Medgyesegyháza'),
(1945, 16, 7057, 'Medina'),
(1946, 17, 9757, 'Meggyeskovácsi'),
(1947, 2, 3718, 'Megyaszó'),
(1948, 17, 9754, 'Megyehid'),
(1949, 18, 8348, 'Megyer'),
(1950, 4, 5726, 'Méhkerék'),
(1951, 15, 4975, 'Méhtelek'),
(1952, 1, 7344, 'Mekényes'),
(1953, 3, 6449, 'Mélykút'),
(1954, 18, 8271, 'Mencshely'),
(1955, 13, 2235, 'Mende'),
(1956, 2, 3871, 'Méra'),
(1957, 1, 7981, 'Merenye'),
(1958, 7, 9136, 'Mérges'),
(1959, 15, 4352, 'Mérk'),
(1960, 14, 7453, 'Mernye'),
(1961, 17, 9531, 'Mersevát'),
(1962, 17, 9662, 'Mesterháza'),
(1963, 17, 9551, 'Mesteri'),
(1964, 10, 5452, 'Mesterszállás'),
(1965, 2, 3754, 'Meszes'),
(1966, 17, 9745, 'Meszlen'),
(1967, 14, 8716, 'Mesztegnyő'),
(1968, 4, 5650, 'Mezőberény'),
(1969, 2, 3450, 'Mezőcsát'),
(1970, 14, 7434, 'Mezőcsokonya'),
(1971, 1, 7370, 'Meződ'),
(1972, 6, 2422, 'Mezőfalva'),
(1973, 4, 5732, 'Mezőgyán'),
(1974, 4, 5820, 'Mezőhegyes'),
(1975, 10, 5453, 'Mezőhék'),
(1976, 2, 3441, 'Mezőkeresztes'),
(1977, 6, 8137, 'Mezőkomárom'),
(1978, 4, 5800, 'Mezőkovácsháza'),
(1979, 2, 3400, 'Mezőkövesd'),
(1980, 15, 4641, 'Mezőladány'),
(1981, 18, 8514, 'Mezőlak'),
(1982, 2, 3443, 'Mezőnagymihály'),
(1983, 2, 3421, 'Mezőnyárád'),
(1984, 7, 9098, 'Mezőörs'),
(1985, 7, 9097, 'Mezőörs'),
(1986, 8, 4118, 'Mezőpeterd'),
(1987, 8, 4134, 'Mezősas'),
(1988, 9, 3378, 'Mezőszemere'),
(1989, 6, 8133, 'Mezőszentgyörgy'),
(1990, 6, 7017, 'Mezőszilas'),
(1991, 9, 3375, 'Mezőtárkány'),
(1992, 10, 5400, 'Mezőtúr'),
(1993, 2, 3931, 'Mezőzombor'),
(1994, 19, 8825, 'Miháld'),
(1995, 19, 8341, 'Mihályfa'),
(1996, 12, 3184, 'Mihálygerge'),
(1997, 18, 8513, 'Mihályháza'),
(1998, 7, 9342, 'Mihályi'),
(1999, 14, 7512, 'Mike'),
(2000, 13, 2736, 'Mikebuda'),
(2001, 19, 8949, 'Mikekarácsonyfa'),
(2002, 8, 4271, 'Mikepércs'),
(2003, 14, 7286, 'Miklósi'),
(2004, 9, 3344, 'Mikófalva'),
(2005, 2, 3989, 'Mikóháza'),
(2006, 17, 9835, 'Mikosszéplak'),
(2007, 19, 8917, 'Milejszeg'),
(2008, 15, 4948, 'Milota'),
(2009, 5, 6630, 'Mindszent'),
(2010, 1, 7391, 'Mindszentgodisa'),
(2011, 18, 8282, 'Mindszentkálla'),
(2012, 19, 8935, 'Misefa'),
(2013, 3, 6343, 'Miske'),
(2014, 2, 3510, 'Miskolc'),
(2015, 2, 3515, 'Miskolc'),
(2016, 2, 3516, 'Miskolc'),
(2017, 2, 3508, 'Miskolc'),
(2018, 2, 3517, 'Miskolc'),
(2019, 2, 3518, 'Miskolc'),
(2020, 2, 3521, 'Miskolc'),
(2021, 2, 3519, 'Miskolc'),
(2022, 2, 3500, 'Miskolc'),
(2023, 2, 3501, 'Miskolc'),
(2024, 2, 3524, 'Miskolc'),
(2025, 2, 3525, 'Miskolc'),
(2026, 2, 3526, 'Miskolc'),
(2027, 2, 3527, 'Miskolc'),
(2028, 2, 3528, 'Miskolc'),
(2029, 2, 3529, 'Miskolc'),
(2030, 2, 3530, 'Miskolc'),
(2031, 2, 3531, 'Miskolc'),
(2032, 2, 3532, 'Miskolc'),
(2033, 2, 3533, 'Miskolc'),
(2034, 2, 3534, 'Miskolc'),
(2035, 2, 3535, 'Miskolc'),
(2036, 16, 7065, 'Miszla'),
(2037, 11, 2911, 'Mocsa'),
(2038, 13, 7163, 'Mőcsény'),
(2039, 11, 2146, 'Mogyoród'),
(2040, 2, 2535, 'Mogyorósbánya'),
(2041, 6, 3893, 'Mogyoróska'),
(2042, 1, 8042, 'Moha'),
(2043, 1, 7715, 'Mohács'),
(2044, 1, 7714, 'Mohács'),
(2045, 12, 7700, 'Mohács'),
(2046, 19, 2698, 'Mohora'),
(2047, 17, 8863, 'Molnári'),
(2048, 1, 9912, 'Molnaszecsőd'),
(2049, 2, 7981, 'Molvány'),
(2050, 2, 3812, 'Monaj'),
(2051, 13, 3905, 'Monok'),
(2052, 13, 2213, 'Monor'),
(2053, 9, 2200, 'Monor'),
(2054, 18, 3345, 'Mónosbél'),
(2055, 8, 8296, 'Monostorapáti'),
(2056, 18, 4275, 'Monostorpályi'),
(2057, 1, 8273, 'Monoszló'),
(2058, 6, 7751, 'Monyoród'),
(2059, 16, 8060, 'Mór'),
(2060, 5, 7165, 'Mórágy'),
(2061, 3, 6782, 'Mórahalom'),
(2062, 7, 6132, 'Móricgát'),
(2063, 14, 9131, 'Mórichida'),
(2064, 7, 7257, 'Mosdós'),
(2065, 7, 9200, 'Mosonmagyaróvár'),
(2066, 7, 9183, 'Mosonszentmiklós'),
(2067, 7, 9154, 'Mosonszentmiklós'),
(2068, 1, 9245, 'Mosonszolnok'),
(2069, 16, 7932, 'Mozsgó'),
(2070, 16, 7185, 'Mucsfa'),
(2071, 16, 7195, 'Mucsi'),
(2072, 2, 3744, 'Múcsony'),
(2073, 2, 3552, 'Muhi'),
(2074, 19, 8834, 'Murakeresztúr'),
(2075, 19, 8868, 'Murarátka'),
(2076, 19, 8872, 'Muraszemenye'),
(2077, 16, 7176, 'Murga'),
(2078, 4, 5672, 'Murony'),
(2079, 15, 4911, 'Nábrád'),
(2080, 6, 8097, 'Nadap'),
(2081, 17, 9915, 'Nádasd'),
(2082, 6, 8145, 'Nádasdladány'),
(2083, 8, 4181, 'Nádudvar'),
(2084, 14, 8674, 'Nágocs'),
(2085, 18, 8521, 'Nagyacsád'),
(2086, 18, 8484, 'Nagyalásony'),
(2087, 15, 4922, 'Nagyar'),
(2088, 14, 7500, 'Nagyatád'),
(2089, 7, 9063, 'Nagybajcs'),
(2090, 14, 7561, 'Nagybajom'),
(2091, 19, 8821, 'Nagybakónak'),
(2092, 4, 5668, 'Nagybánhegyes'),
(2093, 3, 6527, 'Nagybaracska'),
(2094, 2, 3641, 'Nagybarca'),
(2095, 12, 3075, 'Nagybárkány'),
(2096, 14, 8656, 'Nagyberény'),
(2097, 14, 7255, 'Nagyberki'),
(2098, 13, 2634, 'Nagybörzsöny'),
(2099, 1, 7756, 'Nagybudmér'),
(2100, 7, 9485, 'Nagycenk'),
(2101, 1, 7838, 'Nagycsány'),
(2102, 2, 3598, 'Nagycsécs'),
(2103, 14, 8628, 'Nagycsepely'),
(2104, 15, 4445, 'Nagycserkesz'),
(2105, 18, 8554, 'Nagydém'),
(2106, 15, 4823, 'Nagydobos'),
(2107, 1, 7985, 'Nagydobsza'),
(2108, 16, 7044, 'Nagydorog'),
(2109, 15, 4355, 'Nagyecsed'),
(2110, 5, 6917, 'Nagyér'),
(2111, 18, 8415, 'Nagyesztergár'),
(2112, 9, 3282, 'Nagyfüged'),
(2113, 17, 9664, 'Nagygeresd'),
(2114, 19, 8356, 'Nagygörbő'),
(2115, 18, 8551, 'Nagygyimót'),
(2116, 1, 7343, 'Nagyhajmás'),
(2117, 15, 4485, 'Nagyhalász'),
(2118, 1, 7822, 'Nagyharsány'),
(2119, 8, 4064, 'Nagyhegyes'),
(2120, 15, 4977, 'Nagyhódos'),
(2121, 2, 3994, 'Nagyhuta'),
(2122, 11, 2942, 'Nagyigmánd'),
(2123, 10, 5363, 'Nagyiván'),
(2124, 15, 4320, 'Nagykálló'),
(2125, 4, 5751, 'Nagykamarás'),
(2126, 19, 8831, 'Nagykanizsa'),
(2127, 19, 8808, 'Nagykanizsa'),
(2128, 19, 8809, 'Nagykanizsa'),
(2129, 19, 8800, 'Nagykanizsa'),
(2130, 19, 8935, 'Nagykapornak'),
(2131, 6, 2425, 'Nagykarácsony'),
(2132, 13, 2760, 'Nagykáta'),
(2133, 8, 4127, 'Nagykereki'),
(2134, 12, 3129, 'Nagykeresztúr'),
(2135, 2, 3844, 'Nagykinizs'),
(2136, 16, 3012, 'Nagykökényes'),
(2137, 14, 9784, 'Nagykölked'),
(2138, 13, 7092, 'Nagykónyi'),
(2139, 1, 2750, 'Nagykőrös'),
(2140, 9, 7545, 'Nagykorpád'),
(2141, 17, 5065, 'Nagykörű'),
(2142, 13, 2094, 'Nagykovácsi'),
(2143, 10, 7741, 'Nagykozár'),
(2144, 19, 8911, 'Nagykutas'),
(2145, 5, 6933, 'Nagylak'),
(2146, 19, 8983, 'Nagylengyel'),
(2147, 12, 3175, 'Nagylóc'),
(2148, 6, 2435, 'Nagylók'),
(2149, 7, 9482, 'Nagylózs'),
(2150, 5, 6622, 'Nagymágocs'),
(2151, 16, 7355, 'Nagymányok'),
(2152, 13, 2626, 'Nagymaros'),
(2153, 17, 9913, 'Nagymizdó'),
(2154, 1, 7784, 'Nagynyárád'),
(2155, 12, 2645, 'Nagyoroszi'),
(2156, 19, 8912, 'Nagypáli'),
(2157, 1, 7731, 'Nagypall'),
(2158, 1, 7912, 'Nagypeterd'),
(2159, 18, 8496, 'Nagypirit'),
(2160, 8, 4173, 'Nagyrábé'),
(2161, 19, 8746, 'Nagyrada'),
(2162, 17, 9938, 'Nagyrákos'),
(2163, 19, 8756, 'Nagyrécse'),
(2164, 9, 3214, 'Nagyréde'),
(2165, 10, 5463, 'Nagyrév'),
(2166, 2, 3965, 'Nagyrozvágy'),
(2167, 11, 2524, 'Nagysáp'),
(2168, 17, 9561, 'Nagysimonyi'),
(2169, 14, 8739, 'Nagyszakácsi'),
(2170, 16, 7085, 'Nagyszékely'),
(2171, 15, 4962, 'Nagyszekeres'),
(2172, 4, 5931, 'Nagyszénás'),
(2173, 7, 9072, 'Nagyszentjános'),
(2174, 16, 7097, 'Nagyszokoly'),
(2175, 9, 3398, 'Nagytálya'),
(2176, 13, 2142, 'Nagytarcsa'),
(2177, 18, 8562, 'Nagytevel'),
(2178, 17, 9832, 'Nagytilaj'),
(2179, 1, 6612, 'Nagytőke'),
(2180, 5, 7800, 'Nagytótfalu'),
(2181, 9, 3357, 'Nagyút'),
(2182, 15, 4812, 'Nagyvarsány'),
(2183, 1, 7912, 'Nagyváty'),
(2184, 18, 8291, 'Nagyvázsony'),
(2185, 16, 7186, 'Nagyvejke'),
(2186, 6, 8065, 'Nagyveleg'),
(2187, 6, 2421, 'Nagyvenyim'),
(2188, 9, 3349, 'Nagyvisnyó'),
(2189, 16, 7215, 'Nak'),
(2190, 15, 4552, 'Napkor'),
(2191, 17, 9797, 'Nárai'),
(2192, 17, 9793, 'Narda'),
(2193, 11, 2899, 'Naszály'),
(2194, 2, 3463, 'Négyes'),
(2195, 2, 3646, 'Nekézseny'),
(2196, 19, 8923, 'Nemesapáti'),
(2197, 2, 3592, 'Nemesbikk'),
(2198, 15, 9749, 'Nemesbőd'),
(2199, 17, 4942, 'Nemesborzova'),
(2200, 19, 8371, 'Nemesbük'),
(2201, 17, 9739, 'Nemescsó'),
(2202, 14, 8722, 'Nemesdéd'),
(2203, 18, 8522, 'Nemesgörzsöny'),
(2204, 18, 8284, 'Nemesgulács'),
(2205, 18, 8471, 'Nemeshany'),
(2206, 19, 8925, 'Nemeshetés'),
(2207, 1, 7981, 'Nemeske'),
(2208, 7, 9471, 'Nemeskér'),
(2209, 17, 9548, 'Nemeskeresztúr'),
(2210, 14, 8717, 'Nemeskisfalud'),
(2211, 17, 9542, 'Nemeskocs'),
(2212, 17, 9775, 'Nemeskolta'),
(2213, 17, 9663, 'Nemesládony'),
(2214, 17, 9953, 'Nemesmedves'),
(2215, 3, 6345, 'Nemesnádudvar'),
(2216, 19, 8976, 'Nemesnép'),
(2217, 19, 8856, 'Nemespátró'),
(2218, 19, 8915, 'Nemesrádó'),
(2219, 17, 9782, 'Nemesrempehollós'),
(2220, 19, 8925, 'Nemessándorháza'),
(2221, 18, 9533, 'Nemesszalók'),
(2222, 19, 8925, 'Nemesszentandrás'),
(2223, 18, 8248, 'Nemesvámos'),
(2224, 14, 8738, 'Nemesvid'),
(2225, 18, 8311, 'Nemesvita'),
(2226, 18, 8581, 'Németbánya'),
(2227, 19, 8918, 'Németfalu'),
(2228, 16, 7039, 'Németkér'),
(2229, 12, 3152, 'Nemti'),
(2230, 11, 2544, 'Neszmély'),
(2231, 12, 2618, 'Nézsa'),
(2232, 17, 9652, 'Nick'),
(2233, 14, 8706, 'Nikla'),
(2234, 12, 2642, 'Nógrád'),
(2235, 12, 2691, 'Nógrádkövesd'),
(2236, 12, 2675, 'Nógrádmarcal'),
(2237, 12, 3132, 'Nógrádmegyer'),
(2238, 12, 2685, 'Nógrádsáp'),
(2239, 12, 3179, 'Nógrádsipek'),
(2240, 12, 3187, 'Nógrádszakál'),
(2241, 18, 8591, 'Nóráp'),
(2242, 18, 8456, 'Noszlop'),
(2243, 9, 3325, 'Noszvaj'),
(2244, 19, 2610, 'Nőtincs'),
(2245, 9, 8948, 'Nova'),
(2246, 2, 3327, 'Novaj'),
(2247, 12, 3872, 'Novajidrány'),
(2248, 7, 9096, 'Nyalka'),
(2249, 18, 8512, 'Nyárád'),
(2250, 13, 2723, 'Nyáregyháza'),
(2251, 3, 6032, 'Nyárlőrinc'),
(2252, 13, 2712, 'Nyársapát'),
(2253, 2, 3433, 'Nyékládháza'),
(2254, 11, 2537, 'Nyergesújfalu'),
(2255, 11, 2536, 'Nyergesújfalu'),
(2256, 2, 3809, 'Nyésta'),
(2257, 14, 8612, 'Nyim'),
(2258, 8, 4264, 'Nyírábrány'),
(2259, 8, 4262, 'Nyíracsád'),
(2260, 18, 8454, 'Nyirád'),
(2261, 8, 4253, 'Nyíradony'),
(2262, 8, 4252, 'Nyíradony'),
(2263, 8, 4254, 'Nyíradony'),
(2264, 15, 4300, 'Nyírbátor'),
(2265, 15, 4372, 'Nyírbéltek'),
(2266, 15, 4361, 'Nyírbogát'),
(2267, 15, 4511, 'Nyírbogdány'),
(2268, 15, 4356, 'Nyírcsaholy'),
(2269, 15, 4331, 'Nyírcsászári'),
(2270, 15, 4332, 'Nyírderzs'),
(2271, 15, 4405, 'Nyíregyháza'),
(2272, 15, 4246, 'Nyíregyháza'),
(2273, 15, 4433, 'Nyíregyháza'),
(2274, 15, 4412, 'Nyíregyháza'),
(2275, 15, 4432, 'Nyíregyháza'),
(2276, 15, 4551, 'Nyíregyháza'),
(2277, 15, 4431, 'Nyíregyháza'),
(2278, 15, 4481, 'Nyíregyháza'),
(2279, 15, 4400, 'Nyíregyháza'),
(2280, 15, 4362, 'Nyírgelse'),
(2281, 15, 4311, 'Nyírgyulaj'),
(2282, 2, 3997, 'Nyíri'),
(2283, 15, 4535, 'Nyíribrony'),
(2284, 15, 4541, 'Nyírjákó'),
(2285, 15, 4544, 'Nyírkarász'),
(2286, 15, 4333, 'Nyírkáta'),
(2287, 15, 4537, 'Nyírkércs'),
(2288, 15, 4632, 'Nyírlövő'),
(2289, 15, 4371, 'Nyírlugos'),
(2290, 15, 4564, 'Nyírmada'),
(2291, 8, 4263, 'Nyírmártonfalva'),
(2292, 15, 4722, 'Nyírmeggyes'),
(2293, 15, 4363, 'Nyírmihálydi'),
(2294, 15, 4822, 'Nyírparasznya'),
(2295, 15, 4531, 'Nyírpazony'),
(2296, 15, 4376, 'Nyírpilis'),
(2297, 15, 4522, 'Nyírtass'),
(2298, 15, 4461, 'Nyírtelek'),
(2299, 15, 4554, 'Nyírtét'),
(2300, 15, 4532, 'Nyírtura'),
(2301, 15, 4341, 'Nyírvasvári'),
(2302, 2, 9682, 'Nyőgér'),
(2303, 17, 3795, 'Nyomár'),
(2304, 1, 7912, 'Nyugotszenterzsébet'),
(2305, 7, 9082, 'Nyúl'),
(2306, 1, 7695, 'Óbánya'),
(2307, 6, 2063, 'Óbarok'),
(2308, 18, 8272, 'Óbudavár'),
(2309, 13, 8292, 'Öcs'),
(2310, 1, 2364, 'Ócsa'),
(2311, 1, 7814, 'Ócsárd'),
(2312, 15, 7143, 'Őcsény'),
(2313, 5, 5451, 'Öcsöd'),
(2314, 19, 7695, 'Ófalu'),
(2315, 4, 4558, 'Ófehértó'),
(2316, 1, 6923, 'Óföldeák'),
(2317, 1, 8342, 'Óhid'),
(2318, 1, 5534, 'Okány'),
(2319, 17, 7957, 'Okorág'),
(2320, 18, 4755, 'Ököritófülpös'),
(2321, 2, 7681, 'Okorvölgy'),
(2322, 15, 7745, 'Olasz'),
(2323, 15, 9824, 'Olaszfa'),
(2324, 1, 8414, 'Olaszfalu'),
(2325, 17, 3933, 'Olaszliszka'),
(2326, 19, 9621, 'Ölbő'),
(2327, 2, 4826, 'Olcsva'),
(2328, 2, 4914, 'Olcsvaapáti'),
(2329, 15, 7824, 'Old'),
(2330, 5, 9733, 'Ólmod'),
(2331, 19, 8886, 'Oltárc'),
(2332, 14, 4373, 'Ömböly'),
(2333, 14, 3562, 'Onga'),
(2334, 3, 3551, 'Ónod'),
(2335, 17, 4821, 'Ópályi'),
(2336, 1, 6767, 'Ópusztaszer'),
(2337, 3, 4336, 'Őr'),
(2338, 19, 8935, 'Orbányosfa'),
(2339, 2, 2162, 'Őrbottyán'),
(2340, 4, 7400, 'Orci'),
(2341, 4, 8635, 'Ordacsehi'),
(2342, 4, 6335, 'Ordas'),
(2343, 4, 6311, 'Öregcsertő'),
(2344, 18, 8697, 'Öreglak'),
(2345, 11, 9982, 'Orfalu'),
(2346, 1, 7677, 'Orfű'),
(2347, 19, 6077, 'Orgovány'),
(2348, 19, 2671, 'Őrhalom'),
(2349, 7, 9933, 'Őrimagyarósd'),
(2350, 17, 9941, 'Őriszentpéter'),
(2351, 9, 2377, 'Örkény'),
(2352, 17, 8983, 'Ormándlak'),
(2353, 2, 5222, 'Örményes'),
(2354, 14, 5556, 'Örménykút'),
(2355, 2, 3743, 'Ormosbánya'),
(2356, 2, 5904, 'Orosháza'),
(2357, 2, 5903, 'Orosháza'),
(2358, 2, 5905, 'Orosháza'),
(2359, 2, 5900, 'Orosháza'),
(2360, 2, 8458, 'Oroszi'),
(2361, 2, 2840, 'Oroszlány'),
(2362, 2, 7370, 'Oroszló'),
(2363, 1, 8744, 'Orosztony'),
(2364, 19, 8954, 'Ortaháza'),
(2365, 16, 8854, 'Őrtilos'),
(2366, 18, 8242, 'Örvényes'),
(2367, 16, 2610, 'Ősagárd'),
(2368, 10, 8161, 'Ősi'),
(2369, 15, 8191, 'Öskü'),
(2370, 17, 9354, 'Osli'),
(2371, 15, 9512, 'Ostffyasszonyfa'),
(2372, 15, 3326, 'Ostoros'),
(2373, 13, 9825, 'Oszkó'),
(2374, 3, 3591, 'Oszlár'),
(2375, 14, 7444, 'Osztopán'),
(2376, 12, 9153, 'Öttevény'),
(2377, 17, 6784, 'Öttömös'),
(2378, 17, 7511, 'Ötvöskónyi'),
(2379, 13, 3604, 'Ózd'),
(2380, 10, 3651, 'Ózd'),
(2381, 4, 3661, 'Ózd'),
(2382, 14, 3603, 'Ózd'),
(2383, 18, 3662, 'Ózd'),
(2384, 12, 3625, 'Ózd'),
(2385, 18, 3621, 'Ózd'),
(2386, 18, 3600, 'Ózd'),
(2387, 7, 7836, 'Ózdfalu'),
(2388, 5, 8998, 'Ozmánbük'),
(2389, 14, 7086, 'Ozora'),
(2390, 2, 3964, 'Pácin'),
(2391, 19, 8761, 'Pacsa'),
(2392, 17, 9823, 'Pácsony'),
(2393, 19, 8935, 'Padár'),
(2394, 3, 6075, 'Páhi'),
(2395, 19, 8956, 'Páka'),
(2396, 19, 8799, 'Pakod'),
(2397, 6, 8095, 'Pákozd'),
(2398, 16, 7027, 'Paks'),
(2399, 16, 7030, 'Paks'),
(2400, 1, 7370, 'Palé'),
(2401, 16, 7042, 'Pálfa'),
(2402, 19, 8990, 'Pálfiszeg'),
(2403, 2, 3994, 'Pálháza'),
(2404, 7, 9345, 'Páli'),
(2405, 1, 7771, 'Palkonya'),
(2406, 14, 7561, 'Pálmajor'),
(2407, 3, 6112, 'Pálmonostora'),
(2408, 1, 7727, 'Palotabozsok'),
(2409, 12, 3042, 'Palotás'),
(2410, 18, 8229, 'Paloznak'),
(2411, 2, 3821, 'Pamlény'),
(2412, 14, 8698, 'Pamuk'),
(2413, 13, 2214, 'Pánd'),
(2414, 17, 9937, 'Pankasz'),
(2415, 7, 9090, 'Pannonhalma'),
(2416, 2, 3898, 'Pányok'),
(2417, 15, 4913, 'Panyola'),
(2418, 15, 4631, 'Pap'),
(2419, 18, 8511, 'Pápa'),
(2420, 18, 8591, 'Pápa'),
(2421, 18, 8598, 'Pápa'),
(2422, 18, 8500, 'Pápa'),
(2423, 18, 8593, 'Pápadereske'),
(2424, 18, 8596, 'Pápakovácsi'),
(2425, 18, 8594, 'Pápasalamon'),
(2426, 18, 8556, 'Pápateszér'),
(2427, 18, 8183, 'Papkeszi'),
(2428, 17, 9515, 'Pápoc'),
(2429, 15, 4338, 'Papos'),
(2430, 1, 7838, 'Páprád'),
(2431, 9, 3244, 'Parád'),
(2432, 9, 3240, 'Parád'),
(2433, 9, 3242, 'Parádsasvár'),
(2434, 2, 3777, 'Parasznya'),
(2435, 15, 4475, 'Paszab'),
(2436, 12, 3065, 'Pásztó'),
(2437, 12, 3082, 'Pásztó'),
(2438, 12, 3060, 'Pásztó'),
(2439, 7, 9311, 'Pásztori'),
(2440, 19, 8825, 'Pat'),
(2441, 12, 2648, 'Patak'),
(2442, 14, 7463, 'Patalom'),
(2443, 1, 7923, 'Patapoklosi'),
(2444, 14, 7477, 'Patca'),
(2445, 6, 8092, 'Pátka'),
(2446, 14, 7536, 'Patosfa'),
(2447, 15, 4523, 'Pátroha'),
(2448, 12, 2668, 'Patvarc'),
(2449, 13, 2071, 'Páty'),
(2450, 15, 4766, 'Pátyod'),
(2451, 6, 2476, 'Pázmánd'),
(2452, 7, 9085, 'Pázmándfalu'),
(2453, 13, 2119, 'Pécel'),
(2454, 17, 9754, 'Pecöl'),
(2455, 1, 7693, 'Pécs'),
(2456, 1, 7691, 'Pécs'),
(2457, 1, 7600, 'Pécs'),
(2458, 1, 7621, 'Pécs'),
(2459, 1, 7622, 'Pécs'),
(2460, 1, 7623, 'Pécs'),
(2461, 1, 7624, 'Pécs'),
(2462, 1, 7625, 'Pécs'),
(2463, 1, 7626, 'Pécs'),
(2464, 1, 7627, 'Pécs'),
(2465, 1, 7628, 'Pécs'),
(2466, 1, 7629, 'Pécs'),
(2467, 1, 7630, 'Pécs'),
(2468, 1, 7631, 'Pécs'),
(2469, 1, 7632, 'Pécs'),
(2470, 1, 7633, 'Pécs'),
(2471, 1, 7634, 'Pécs'),
(2472, 1, 7635, 'Pécs'),
(2473, 1, 7636, 'Pécs'),
(2474, 1, 7951, 'Pécsbagota'),
(2475, 1, 7766, 'Pécsdevecser'),
(2476, 18, 8245, 'Pécsely'),
(2477, 1, 7762, 'Pécsudvard'),
(2478, 1, 7720, 'Pécsvárad'),
(2479, 1, 7831, 'Pellérd'),
(2480, 9, 3381, 'Pély'),
(2481, 13, 2614, 'Penc'),
(2482, 15, 4267, 'Penészlek'),
(2483, 18, 4941, 'Penyige'),
(2484, 15, 8426, 'Pénzesgyőr'),
(2485, 7, 9099, 'Pér'),
(2486, 13, 2074, 'Perbál'),
(2487, 2, 3853, 'Pere'),
(2488, 2, 3821, 'Perecse'),
(2489, 1, 7664, 'Pereked'),
(2490, 17, 9722, 'Perenye'),
(2491, 17, 9734, 'Peresznye'),
(2492, 7, 9484, 'Pereszteg'),
(2493, 6, 2431, 'Perkáta'),
(2494, 2, 3756, 'Perkupa'),
(2495, 13, 2637, 'Perőcsény'),
(2496, 1, 7766, 'Peterd'),
(2497, 14, 7582, 'Péterhida'),
(2498, 13, 2209, 'Péteri'),
(2499, 9, 3250, 'Pétervására'),
(2500, 18, 8105, 'Pétfürdő'),
(2501, 19, 8921, 'Pethőhenye'),
(2502, 15, 4542, 'Petneháza'),
(2503, 9, 3023, 'Petőfibánya'),
(2504, 3, 6113, 'Petőfiszállás'),
(2505, 7, 9443, 'Petőháza'),
(2506, 17, 9826, 'Petőmihályfa'),
(2507, 19, 8984, 'Petrikeresztúr'),
(2508, 19, 8866, 'Petrivente'),
(2509, 1, 7980, 'Pettend'),
(2510, 12, 3134, 'Piliny'),
(2511, 13, 2721, 'Pilis'),
(2512, 13, 2097, 'Pilisborosjenő'),
(2513, 13, 2087, 'Piliscsaba'),
(2514, 13, 2081, 'Piliscsaba'),
(2515, 11, 2519, 'Piliscsév'),
(2516, 13, 2080, 'Pilisjászfalu'),
(2517, 11, 2028, 'Pilismarót'),
(2518, 13, 2095, 'Pilisszántó'),
(2519, 13, 2084, 'Pilisszentiván'),
(2520, 13, 2099, 'Pilisszentkereszt'),
(2521, 13, 2098, 'Pilisszentkereszt'),
(2522, 13, 2009, 'Pilisszentlászló'),
(2523, 13, 2085, 'Pilisvörösvár'),
(2524, 16, 7084, 'Pincehely'),
(2525, 17, 9922, 'Pinkamindszent'),
(2526, 7, 9481, 'Pinnye'),
(2527, 15, 4375, 'Piricse'),
(2528, 3, 6414, 'Pirtó'),
(2529, 1, 7838, 'Piskó'),
(2530, 5, 6914, 'Pitvaros'),
(2531, 1, 7756, 'Pócsa'),
(2532, 8, 4125, 'Pocsaj'),
(2533, 13, 2017, 'Pócsmegyer'),
(2534, 15, 4327, 'Pócspetri'),
(2535, 1, 7666, 'Pogány'),
(2536, 14, 8728, 'Pogányszentpéter'),
(2537, 19, 8932, 'Pókaszepetk'),
(2538, 14, 7458, 'Polány'),
(2539, 8, 4090, 'Polgár'),
(2540, 6, 8153, 'Polgárdi'),
(2541, 6, 8155, 'Polgárdi'),
(2542, 6, 8154, 'Polgárdi'),
(2543, 13, 8929, 'Pölöske'),
(2544, 15, 8773, 'Pölöskefő'),
(2545, 17, 2013, 'Pomáz'),
(2546, 9, 7142, 'Pörböly'),
(2547, 17, 4761, 'Porcsalma'),
(2548, 14, 8956, 'Pördefölde'),
(2549, 14, 9796, 'Pornóapáti'),
(2550, 14, 3388, 'Poroszló'),
(2551, 19, 9612, 'Porpác'),
(2552, 18, 8858, 'Porrog'),
(2553, 17, 8858, 'Porrogszentkirály'),
(2554, 14, 8858, 'Porrogszentpál'),
(2555, 7, 8986, 'Pórszombat'),
(2556, 19, 8429, 'Porva'),
(2557, 19, 9636, 'Pósfa'),
(2558, 16, 7977, 'Potony'),
(2559, 19, 8767, 'Pötréte'),
(2560, 19, 9324, 'Potyond'),
(2561, 2, 3925, 'Prügy'),
(2562, 18, 8291, 'Pula'),
(2563, 19, 9235, 'Püski'),
(2564, 12, 2682, 'Püspökhatvan'),
(2565, 7, 4150, 'Püspökladány'),
(2566, 17, 9776, 'Püspökmolnári'),
(2567, 15, 2166, 'Püspökszilágy'),
(2568, 19, 8986, 'Pusztaapáti'),
(2569, 2, 2658, 'Pusztaberki'),
(2570, 4, 9373, 'Pusztacsalád'),
(2571, 16, 9739, 'Pusztacsó'),
(2572, 14, 4565, 'Pusztadobos'),
(2573, 19, 8946, 'Pusztaederics'),
(2574, 5, 3995, 'Pusztafalu'),
(2575, 18, 5919, 'Pusztaföldvár'),
(2576, 10, 7038, 'Pusztahencse'),
(2577, 4, 8707, 'Pusztakovácsi'),
(2578, 2, 8895, 'Pusztamagyaród'),
(2579, 6, 6785, 'Pusztamérges'),
(2580, 14, 8455, 'Pusztamiske'),
(2581, 19, 5125, 'Pusztamonostor'),
(2582, 5, 5665, 'Pusztaottlaka'),
(2583, 13, 3874, 'Pusztaradvány'),
(2584, 6, 2490, 'Pusztaszabolcs'),
(2585, 13, 8619, 'Pusztaszemes'),
(2586, 2, 8896, 'Pusztaszentlászló'),
(2587, 7, 6769, 'Pusztaszer'),
(2588, 13, 2378, 'Pusztavacs'),
(2589, 8, 8066, 'Pusztavám'),
(2590, 17, 2039, 'Pusztazámor'),
(2591, 13, 3630, 'Putnok'),
(2592, 7, 9313, 'Rábacsanak'),
(2593, 7, 9136, 'Rábacsécsény'),
(2594, 17, 9961, 'Rábagyarmat'),
(2595, 17, 9777, 'Rábahidvég'),
(2596, 7, 9344, 'Rábakecöl'),
(2597, 7, 9142, 'Rábapatona'),
(2598, 17, 9641, 'Rábapaty'),
(2599, 7, 9146, 'Rábapordány'),
(2600, 7, 9327, 'Rábasebes'),
(2601, 7, 9316, 'Rábaszentandrás'),
(2602, 7, 9135, 'Rábaszentmihály'),
(2603, 7, 9133, 'Rábaszentmiklós'),
(2604, 7, 9322, 'Rábatamási'),
(2605, 17, 9766, 'Rábatöttös'),
(2606, 7, 9165, 'Rábcakapi'),
(2607, 6, 2459, 'Rácalmás'),
(2608, 6, 2465, 'Ráckeresztúr'),
(2609, 13, 2300, 'Ráckeve'),
(2610, 13, 2613, 'Rád'),
(2611, 1, 7817, 'Rádfalva'),
(2612, 17, 9784, 'Rádóckölked'),
(2613, 2, 3776, 'Radostyán'),
(2614, 2, 3724, 'Ragály'),
(2615, 7, 9224, 'Rajka'),
(2616, 2, 3825, 'Rakaca'),
(2617, 2, 3826, 'Rakacaszend'),
(2618, 15, 4465, 'Rakamaz'),
(2619, 10, 5085, 'Rákóczifalva'),
(2620, 10, 5084, 'Rákócziújfalu'),
(2621, 14, 7464, 'Ráksi'),
(2622, 19, 8973, 'Ramocsa'),
(2623, 15, 4536, 'Ramocsaháza'),
(2624, 15, 4756, 'Rápolt'),
(2625, 18, 8300, 'Raposka'),
(2626, 2, 3833, 'Rásonysápberencs'),
(2627, 2, 3908, 'Rátka'),
(2628, 17, 9951, 'Rátót'),
(2629, 7, 9091, 'Ravazd'),
(2630, 9, 3245, 'Recsk'),
(2631, 11, 2886, 'Réde'),
(2632, 19, 8978, 'Rédics'),
(2633, 2, 3893, 'Regéc'),
(2634, 1, 7833, 'Regenye'),
(2635, 16, 7193, 'Regöly'),
(2636, 3, 6446, 'Rém'),
(2637, 13, 2094, 'Remeteszőlős'),
(2638, 2, 3559, 'Répáshuta'),
(2639, 17, 9653, 'Répcelak'),
(2640, 7, 9375, 'Répceszemere'),
(2641, 17, 9623, 'Répceszentgyörgy'),
(2642, 7, 9475, 'Répcevis'),
(2643, 19, 8977, 'Resznek'),
(2644, 7, 9074, 'Rétalap'),
(2645, 15, 4525, 'Rétközberencs'),
(2646, 12, 2651, 'Rétság'),
(2647, 18, 8253, 'Révfülöp'),
(2648, 2, 3976, 'Révleányvár'),
(2649, 19, 8373, 'Rezi'),
(2650, 2, 3974, 'Ricse'),
(2651, 18, 8348, 'Rigács'),
(2652, 19, 8883, 'Rigyác'),
(2653, 12, 3177, 'Rimóc'),
(2654, 14, 7552, 'Rinyabesenyő'),
(2655, 14, 7527, 'Rinyakovácsi'),
(2656, 14, 7513, 'Rinyaszentkirály'),
(2657, 14, 7556, 'Rinyaújlak'),
(2658, 14, 7584, 'Rinyaújnép'),
(2659, 15, 4563, 'Rohod'),
(2660, 18, 9451, 'Röjtökmuzsaj'),
(2661, 12, 8434, 'Románd'),
(2662, 1, 2654, 'Romhány'),
(2663, 1, 7743, 'Romonya'),
(2664, 15, 9954, 'Rönök'),
(2665, 9, 6758, 'Röszke'),
(2666, 7, 7914, 'Rózsafa'),
(2667, 17, 4971, 'Rozsály'),
(2668, 5, 3033, 'Rózsaszentmárton'),
(2669, 2, 3733, 'Rudabánya'),
(2670, 2, 3742, 'Rudolftelep'),
(2671, 17, 9766, 'Rum'),
(2672, 5, 6786, 'Ruzsa'),
(2673, 12, 3162, 'Ságújfalu'),
(2674, 14, 8654, 'Ságvár'),
(2675, 2, 3792, 'Sajóbábony'),
(2676, 2, 3793, 'Sajóecseg'),
(2677, 2, 3636, 'Sajógalgóc'),
(2678, 2, 3576, 'Sajóhidvég'),
(2679, 2, 3720, 'Sajóivánka'),
(2680, 2, 3773, 'Sajókápolna'),
(2681, 2, 3720, 'Sajókaza'),
(2682, 2, 3791, 'Sajókeresztúr'),
(2683, 2, 3572, 'Sajólád'),
(2684, 2, 3773, 'Sajólászlófalva'),
(2685, 2, 3656, 'Sajómercse'),
(2686, 2, 3652, 'Sajónémeti'),
(2687, 2, 3586, 'Sajóörös'),
(2688, 2, 3714, 'Sajópálfala'),
(2689, 2, 3573, 'Sajópetri'),
(2690, 2, 3653, 'Sajópüspöki'),
(2691, 2, 3712, 'Sajósenye'),
(2692, 2, 3770, 'Sajószentpéter'),
(2693, 2, 3599, 'Sajószöged'),
(2694, 2, 3712, 'Sajóvámos'),
(2695, 2, 3656, 'Sajóvelezd'),
(2696, 17, 9632, 'Sajtoskál'),
(2697, 18, 8256, 'Salföld'),
(2698, 12, 3102, 'Salgótarján'),
(2699, 12, 3109, 'Salgótarján'),
(2700, 12, 3121, 'Salgótarján'),
(2701, 12, 3104, 'Salgótarján'),
(2702, 12, 3141, 'Salgótarján'),
(2703, 12, 3100, 'Salgótarján'),
(2704, 17, 9742, 'Salköveskút'),
(2705, 19, 8995, 'Salomvár'),
(2706, 2, 3425, 'Sály'),
(2707, 1, 7841, 'Sámod'),
(2708, 12, 3074, 'Sámsonháza'),
(2709, 19, 8824, 'Sand'),
(2710, 5, 6762, 'Sándorfalva'),
(2711, 14, 7479, 'Sántos'),
(2712, 8, 4176, 'Sáp'),
(2713, 8, 4272, 'Sáránd'),
(2714, 2, 3942, 'Sárazsadány'),
(2715, 6, 7018, 'Sárbogárd'),
(2716, 6, 7019, 'Sárbogárd'),
(2717, 6, 7003, 'Sárbogárd'),
(2718, 6, 7000, 'Sárbogárd'),
(2719, 6, 7014, 'Sáregres'),
(2720, 17, 9813, 'Sárfimizdó'),
(2721, 19, 8944, 'Sárhida'),
(2722, 11, 2523, 'Sárisáp'),
(2723, 4, 5720, 'Sarkad'),
(2724, 4, 5731, 'Sarkadkeresztúr'),
(2725, 6, 8051, 'Sárkeresztes'),
(2726, 6, 8125, 'Sárkeresztúr'),
(2727, 6, 8144, 'Sárkeszi'),
(2728, 19, 8391, 'Sármellék'),
(2729, 1, 7781, 'Sárok'),
(2730, 6, 2433, 'Sárosd'),
(2731, 2, 3952, 'Sárospatak'),
(2732, 2, 3950, 'Sárospatak'),
(2733, 16, 7145, 'Sárpilis'),
(2734, 8, 4171, 'Sárrétudvari'),
(2735, 7, 9434, 'Sarród'),
(2736, 7, 9435, 'Sarród'),
(2737, 6, 8126, 'Sárszentágota'),
(2738, 16, 7047, 'Sárszentlőrinc'),
(2739, 6, 8141, 'Sárszentmihály'),
(2740, 6, 8143, 'Sárszentmihály'),
(2741, 9, 3386, 'Sarud'),
(2742, 17, 9609, 'Sárvár'),
(2743, 17, 9608, 'Sárvár'),
(2744, 17, 9600, 'Sárvár'),
(2745, 1, 7370, 'Sásd'),
(2746, 18, 8308, 'Sáska'),
(2747, 2, 3659, 'Sáta'),
(2748, 2, 3944, 'Sátoraljaújhely'),
(2749, 2, 3945, 'Sátoraljaújhely'),
(2750, 2, 3988, 'Sátoraljaújhely'),
(2751, 2, 3980, 'Sátoraljaújhely'),
(2752, 1, 7785, 'Sátorhely'),
(2753, 14, 8732, 'Sávoly'),
(2754, 17, 9789, 'Sé'),
(2755, 14, 7562, 'Segesd'),
(2756, 1, 7960, 'Sellye'),
(2757, 2, 3809, 'Selyeb'),
(2758, 2, 3974, 'Semjén'),
(2759, 19, 8862, 'Semjénháza'),
(2760, 19, 8788, 'Sénye'),
(2761, 15, 4533, 'Sényő'),
(2762, 6, 8111, 'Seregélyes'),
(2763, 2, 3729, 'Serényfalva'),
(2764, 14, 8660, 'Sérsekszőlős'),
(2765, 18, 8439, 'Sikátor'),
(2766, 1, 7818, 'Siklós'),
(2767, 1, 7800, 'Siklós'),
(2768, 1, 7814, 'Siklósbodony'),
(2769, 1, 7823, 'Siklósnagyfalu'),
(2770, 2, 3881, 'Sima'),
(2771, 17, 9633, 'Simaság'),
(2772, 14, 7474, 'Simonfa'),
(2773, 16, 7081, 'Simontornya'),
(2774, 16, 7171, 'Sióagárd'),
(2775, 14, 8611, 'Siófok'),
(2776, 14, 8609, 'Siófok'),
(2777, 14, 8600, 'Siófok'),
(2778, 14, 8652, 'Siójut'),
(2779, 9, 3332, 'Sirok'),
(2780, 17, 9671, 'Sitke'),
(2781, 7, 9315, 'Sobor'),
(2782, 7, 8897, 'Söjtör'),
(2783, 3, 9112, 'Sokorópátka'),
(2784, 3, 6320, 'Solt'),
(2785, 3, 6223, 'Soltszentimre'),
(2786, 18, 6230, 'Soltvadkert'),
(2787, 13, 8193, 'Sóly'),
(2788, 14, 2083, 'Solymár'),
(2789, 1, 8655, 'Som'),
(2790, 18, 7728, 'Somberek'),
(2791, 18, 8478, 'Somlójenő'),
(2792, 18, 8483, 'Somlószőlős'),
(2793, 18, 8481, 'Somlóvásárhely'),
(2794, 14, 8484, 'Somlóvecse'),
(2795, 14, 7454, 'Somodor'),
(2796, 1, 7283, 'Somogyacsa'),
(2797, 14, 7922, 'Somogyapáti'),
(2798, 14, 7584, 'Somogyaracs'),
(2799, 14, 7452, 'Somogyaszaló'),
(2800, 14, 8684, 'Somogybabod'),
(2801, 14, 8858, 'Somogybükkösd'),
(2802, 14, 8726, 'Somogycsicsó'),
(2803, 14, 7284, 'Somogydöröcske'),
(2804, 14, 8666, 'Somogyegres'),
(2805, 14, 8708, 'Somogyfajsz'),
(2806, 1, 7455, 'Somogygeszti'),
(2807, 1, 7925, 'Somogyhárságy'),
(2808, 14, 7921, 'Somogyhatvan'),
(2809, 14, 7443, 'Somogyjád'),
(2810, 14, 8673, 'Somogymeggyes'),
(2811, 14, 8733, 'Somogysámson'),
(2812, 14, 7435, 'Somogysárd'),
(2813, 14, 8737, 'Somogysimonyi'),
(2814, 14, 8705, 'Somogyszentpál'),
(2815, 14, 7276, 'Somogyszil'),
(2816, 14, 7563, 'Somogyszob'),
(2817, 14, 8683, 'Somogytúr'),
(2818, 14, 7515, 'Somogyudvarhely'),
(2819, 14, 8699, 'Somogyvámos'),
(2820, 1, 8698, 'Somogyvár'),
(2821, 14, 7924, 'Somogyviszló'),
(2822, 15, 8734, 'Somogyzsitfa'),
(2823, 6, 4954, 'Sonkád'),
(2824, 7, 8123, 'Soponya'),
(2825, 7, 9494, 'Sopron'),
(2826, 7, 9408, 'Sopron'),
(2827, 7, 9407, 'Sopron'),
(2828, 7, 9400, 'Sopron'),
(2829, 7, 9463, 'Sopronhorpács'),
(2830, 7, 9483, 'Sopronkövesd'),
(2831, 17, 9325, 'Sopronnémeti'),
(2832, 17, 9743, 'Söpte'),
(2833, 19, 8072, 'Söréd'),
(2834, 17, 9774, 'Sorkifalud'),
(2835, 12, 9774, 'Sorkikápolna'),
(2836, 13, 8881, 'Sormás'),
(2837, 2, 9773, 'Sorokpolány'),
(2838, 1, 3131, 'Sóshartyán'),
(2839, 17, 2038, 'Sóskút'),
(2840, 19, 3716, 'Sóstófalva'),
(2841, 17, 7960, 'Sósvertike'),
(2842, 6, 9681, 'Sótony'),
(2843, 6, 8096, 'Sukoró'),
(2844, 1, 6346, 'Sükösd'),
(2845, 11, 2242, 'Sülysáp'),
(2846, 19, 2241, 'Sülysáp'),
(2847, 3, 8330, 'Sümeg'),
(2848, 13, 8357, 'Sümegcsehi'),
(2849, 13, 8351, 'Sümegprága'),
(2850, 18, 7960, 'Sumony'),
(2851, 19, 2889, 'Súr'),
(2852, 18, 8856, 'Surd'),
(2853, 11, 2543, 'Süttő'),
(2854, 6, 8151, 'Szabadbattyán'),
(2855, 6, 2432, 'Szabadegyháza'),
(2856, 6, 8139, 'Szabadhidvég'),
(2857, 6, 8138, 'Szabadhidvég'),
(2858, 14, 7253, 'Szabadi'),
(2859, 4, 5712, 'Szabadkígyós'),
(2860, 3, 6080, 'Szabadszállás'),
(2861, 1, 7951, 'Szabadszentkirály'),
(2862, 14, 7544, 'Szabás'),
(2863, 15, 4467, 'Szabolcs'),
(2864, 15, 4547, 'Szabolcsbáka'),
(2865, 15, 4496, 'Szabolcsveresmart'),
(2866, 13, 2111, 'Szada'),
(2867, 1, 7383, 'Szágy'),
(2868, 1, 7753, 'Szajk'),
(2869, 9, 3334, 'Szajla'),
(2870, 10, 5081, 'Szajol'),
(2871, 2, 3786, 'Szakácsi'),
(2872, 16, 7071, 'Szakadát'),
(2873, 2, 3596, 'Szakáld'),
(2874, 16, 7192, 'Szakály'),
(2875, 16, 7213, 'Szakcs'),
(2876, 3, 6336, 'Szakmár'),
(2877, 17, 9934, 'Szaknyér'),
(2878, 15, 4234, 'Szakoly'),
(2879, 7, 9474, 'Szakony'),
(2880, 17, 9983, 'Szakonyfalu'),
(2881, 11, 2856, 'Szákszend'),
(2882, 17, 9942, 'Szalafő'),
(2883, 1, 7811, 'Szalánta'),
(2884, 19, 8341, 'Szalapa'),
(2885, 2, 3863, 'Szalaszend'),
(2886, 1, 7334, 'Szalatnak'),
(2887, 16, 7121, 'Szálka'),
(2888, 3, 6086, 'Szalkszentmárton'),
(2889, 12, 3163, 'Szalmatercs'),
(2890, 2, 3754, 'Szalonna'),
(2891, 15, 4767, 'Szamosangyalos'),
(2892, 15, 4745, 'Szamosbecs'),
(2893, 15, 4721, 'Szamoskér'),
(2894, 15, 4735, 'Szamossályi'),
(2895, 15, 4824, 'Szamosszeg'),
(2896, 15, 4746, 'Szamostatárfalva'),
(2897, 15, 4734, 'Szamosújlak'),
(2898, 12, 2697, 'Szanda'),
(2899, 3, 6131, 'Szank'),
(2900, 14, 8622, 'Szántód'),
(2901, 7, 9317, 'Szany'),
(2902, 18, 8423, 'Szápár'),
(2903, 1, 7843, 'Szaporca'),
(2904, 6, 2066, 'Szár'),
(2905, 1, 7184, 'Szárász'),
(2906, 16, 7063, 'Szárazd'),
(2907, 7, 9353, 'Szárföld'),
(2908, 11, 2067, 'Szárliget'),
(2909, 4, 5540, 'Szarvas'),
(2910, 12, 3051, 'Szarvasgede'),
(2911, 17, 9913, 'Szarvaskend'),
(2912, 10, 5053, 'Szászberek'),
(2913, 2, 3821, 'Szászfa'),
(2914, 1, 7349, 'Szászvár'),
(2915, 15, 4945, 'Szatmárcseke'),
(2916, 12, 2656, 'Szátok'),
(2917, 17, 9938, 'Szatta'),
(2918, 5, 6763, 'Szatymaz'),
(2919, 1, 7813, 'Szava'),
(2920, 13, 2440, 'Százhalombatta'),
(2921, 1, 7725, 'Szebény'),
(2922, 12, 2692, 'Szécsénke'),
(2923, 12, 3170, 'Szécsény'),
(2924, 12, 3135, 'Szécsényfelfalu'),
(2925, 19, 8879, 'Szécsisziget'),
(2926, 1, 7751, 'Szederkény'),
(2927, 16, 7056, 'Szedres'),
(2928, 5, 6757, 'Szeged'),
(2929, 5, 6791, 'Szeged'),
(2930, 5, 6710, 'Szeged'),
(2931, 5, 6771, 'Szeged'),
(2932, 5, 6753, 'Szeged'),
(2933, 5, 6700, 'Szeged'),
(2934, 5, 6720, 'Szeged'),
(2935, 5, 6721, 'Szeged'),
(2936, 5, 6722, 'Szeged'),
(2937, 5, 6723, 'Szeged'),
(2938, 5, 6724, 'Szeged'),
(2939, 5, 6725, 'Szeged'),
(2940, 5, 6726, 'Szeged'),
(2941, 5, 6727, 'Szeged'),
(2942, 5, 6728, 'Szeged'),
(2943, 5, 6729, 'Szeged'),
(2944, 14, 8732, 'Szegerdő'),
(2945, 4, 5520, 'Szeghalom'),
(2946, 2, 3918, 'Szegi'),
(2947, 2, 3918, 'Szegilong'),
(2948, 5, 6635, 'Szegvár'),
(2949, 15, 4534, 'Székely'),
(2950, 1, 7737, 'Székelyszabar'),
(2951, 6, 8019, 'Székesfehérvár'),
(2952, 6, 8000, 'Székesfehérvár'),
(2953, 5, 6821, 'Székkutas'),
(2954, 16, 7100, 'Szekszárd'),
(2955, 17, 9622, 'Szeleste'),
(2956, 10, 5476, 'Szelevény'),
(2957, 1, 7661, 'Szellő'),
(2958, 1, 7763, 'Szemely'),
(2959, 17, 9685, 'Szemenye'),
(2960, 2, 3866, 'Szemere'),
(2961, 12, 2640, 'Szendehely'),
(2962, 2, 3752, 'Szendrő'),
(2963, 2, 3751, 'Szendrőlád'),
(2964, 14, 7477, 'Szenna'),
(2965, 14, 8849, 'Szenta'),
(2966, 18, 8272, 'Szentantalfa'),
(2967, 14, 7472, 'Szentbalázs'),
(2968, 18, 8281, 'Szentbékkálla'),
(2969, 14, 7918, 'Szentborbás'),
(2970, 1, 7913, 'Szentdénes'),
(2971, 9, 3259, 'Szentdomonkos'),
(2972, 12, 2655, 'Szente'),
(2973, 1, 7915, 'Szentegát'),
(2974, 13, 2000, 'Szentendre'),
(2975, 5, 6600, 'Szentes'),
(2976, 18, 8444, 'Szentgál'),
(2977, 14, 7465, 'Szentgáloskér'),
(2978, 17, 9981, 'Szentgotthárd'),
(2979, 17, 9955, 'Szentgotthárd'),
(2980, 17, 9970, 'Szentgotthárd'),
(2981, 19, 8393, 'Szentgyörgyvár'),
(2982, 19, 8975, 'Szentgyörgyvölgy'),
(2983, 18, 8475, 'Szentimrefalva'),
(2984, 2, 3418, 'Szentistván'),
(2985, 2, 3844, 'Szentistvánbaksa'),
(2986, 18, 8272, 'Szentjakabfa'),
(2987, 1, 7681, 'Szentkatalin'),
(2988, 3, 6031, 'Szentkirály'),
(2989, 18, 8225, 'Szentkirályszabadja'),
(2990, 19, 8947, 'Szentkozmadombja'),
(2991, 1, 7936, 'Szentlászló'),
(2992, 19, 8893, 'Szentliszló'),
(2993, 1, 7940, 'Szentlőrinc'),
(2994, 13, 2255, 'Szentlőrinckáta'),
(2995, 19, 8872, 'Szentmargitfalva'),
(2996, 13, 2254, 'Szentmártonkáta'),
(2997, 17, 9799, 'Szentpéterfa'),
(2998, 19, 8953, 'Szentpéterfölde'),
(2999, 8, 4121, 'Szentpéterszeg'),
(3000, 19, 8762, 'Szentpéterúr'),
(3001, 14, 8717, 'Szenyér'),
(3002, 19, 8861, 'Szepetnek'),
(3003, 7, 9125, 'Szerecseny'),
(3004, 3, 6512, 'Szeremle'),
(3005, 2, 3900, 'Szerencs'),
(3006, 8, 4162, 'Szerep'),
(3007, 8, 4163, 'Szerep'),
(3008, 17, 9523, 'Szergény'),
(3009, 13, 2321, 'Szigetbecse'),
(3010, 13, 2317, 'Szigetcsép'),
(3011, 13, 2315, 'Szigethalom'),
(3012, 13, 2015, 'Szigetmonostor'),
(3013, 13, 2318, 'Szigetszentmárton'),
(3014, 13, 2310, 'Szigetszentmiklós'),
(3015, 13, 2319, 'Szigetújfalu'),
(3016, 1, 7900, 'Szigetvár'),
(3017, 18, 8264, 'Szigliget'),
(3018, 9, 3377, 'Szihalom'),
(3019, 19, 8969, 'Szijártóháza'),
(3020, 2, 3800, 'Szikszó'),
(3021, 7, 9326, 'Szil'),
(3022, 1, 7664, 'Szilágy'),
(3023, 12, 3125, 'Szilaspogony'),
(3024, 7, 9312, 'Szilsárkány'),
(3025, 19, 8986, 'Szilvágy'),
(3026, 1, 7811, 'Szilvás'),
(3027, 9, 7477, 'Szilvásszentmárton'),
(3028, 14, 3348, 'Szilvásvárad'),
(3029, 2, 3761, 'Szin'),
(3030, 2, 3761, 'Szinpetri'),
(3031, 12, 3044, 'Szirák'),
(3032, 2, 3711, 'Szirmabesenyő'),
(3033, 13, 2628, 'Szob'),
(3034, 13, 8452, 'Szőc'),
(3035, 14, 9935, 'Szőce'),
(3036, 10, 2134, 'Sződ'),
(3037, 10, 2133, 'Sződliget'),
(3038, 17, 3762, 'Szögliget'),
(3039, 17, 7833, 'Szőke'),
(3040, 17, 7763, 'Szőkéd'),
(3041, 11, 8736, 'Szőkedencs'),
(3042, 2, 2624, 'Szokolya'),
(3043, 11, 8625, 'Szólád'),
(3044, 14, 5008, 'Szolnok'),
(3045, 18, 5000, 'Szolnok'),
(3046, 17, 3757, 'Szőlősardó'),
(3047, 13, 8692, 'Szőlősgyörök'),
(3048, 13, 9707, 'Szombathely'),
(3049, 2, 9719, 'Szombathely'),
(3050, 1, 9700, 'Szombathely'),
(3051, 1, 2896, 'Szomód'),
(3052, 14, 3411, 'Szomolya'),
(3053, 2, 2822, 'Szomor'),
(3054, 14, 7976, 'Szörény'),
(3055, 1, 7285, 'Szorosad'),
(3056, 9, 3341, 'Szúcs'),
(3057, 12, 3034, 'Szűcsi'),
(3058, 2, 2699, 'Szügy'),
(3059, 2, 3154, 'Szuha'),
(3060, 2, 3726, 'Szuhafő'),
(3061, 1, 3731, 'Szuhakálló'),
(3062, 14, 3734, 'Szuhogy'),
(3063, 12, 7932, 'Szulimán'),
(3064, 9, 7539, 'Szulok'),
(3065, 12, 7735, 'Szűr'),
(3066, 1, 3064, 'Szurdokpüspöki'),
(3067, 14, 8660, 'Tab'),
(3068, 6, 8088, 'Tabajd'),
(3069, 3, 6224, 'Tabdi'),
(3070, 13, 2381, 'Táborfalva'),
(3071, 6, 8121, 'Tác'),
(3072, 18, 8272, 'Tagyon'),
(3073, 13, 2022, 'Tahitótfalu'),
(3074, 13, 2021, 'Tahitótfalu'),
(3075, 18, 8541, 'Takácsi'),
(3076, 15, 4845, 'Tákos'),
(3077, 13, 2335, 'Taksony'),
(3078, 2, 3926, 'Taktabáj'),
(3079, 2, 3922, 'Taktaharkány'),
(3080, 2, 3924, 'Taktakenéz'),
(3081, 2, 3921, 'Taktaszada'),
(3082, 18, 8295, 'Taliándörögd'),
(3083, 2, 3907, 'Tállya'),
(3084, 16, 7091, 'Tamási'),
(3085, 16, 7090, 'Tamási'),
(3086, 17, 9762, 'Tanakajd'),
(3087, 7, 9095, 'Táp'),
(3088, 13, 2764, 'Tápióbicske'),
(3089, 13, 2767, 'Tápiógyörgye'),
(3090, 13, 2253, 'Tápióság'),
(3091, 13, 2251, 'Tápiószecső'),
(3092, 13, 2766, 'Tápiószele'),
(3093, 13, 2711, 'Tápiószentmárton'),
(3094, 13, 2769, 'Tápiószőlős'),
(3095, 17, 9761, 'Táplánszentkereszt'),
(3096, 18, 8297, 'Tapolca'),
(3097, 18, 8300, 'Tapolca'),
(3098, 14, 8718, 'Tapsony'),
(3099, 7, 9094, 'Tápszentmiklós'),
(3100, 12, 3073, 'Tar'),
(3101, 14, 7514, 'Tarany'),
(3102, 2, 3915, 'Tarcal'),
(3103, 2, 3416, 'Tard'),
(3104, 2, 3644, 'Tardona'),
(3105, 11, 2834, 'Tardos'),
(3106, 4, 5641, 'Tarhos'),
(3107, 11, 2831, 'Tarján'),
(3108, 7, 9092, 'Tarjánpuszta'),
(3109, 11, 2945, 'Tárkány'),
(3110, 9, 3369, 'Tarnabod'),
(3111, 9, 3258, 'Tarnalelesz'),
(3112, 9, 3284, 'Tarnaméra'),
(3113, 9, 3294, 'Tarnaörs'),
(3114, 9, 3331, 'Tarnaszentmária'),
(3115, 9, 3382, 'Tarnaszentmiklós'),
(3116, 9, 3283, 'Tarnazsadány'),
(3117, 13, 2461, 'Tárnok'),
(3118, 7, 9165, 'Tárnokréti'),
(3119, 15, 4931, 'Tarpa'),
(3120, 1, 7362, 'Tarrós'),
(3121, 14, 8696, 'Táska'),
(3122, 3, 6098, 'Tass'),
(3123, 14, 7261, 'Taszár'),
(3124, 11, 2534, 'Tát'),
(3125, 11, 2835, 'Tata'),
(3126, 11, 2890, 'Tata'),
(3127, 11, 2800, 'Tatabánya'),
(3128, 3, 6451, 'Tataháza'),
(3129, 13, 2375, 'Tatárszentgyörgy'),
(3130, 3, 6236, 'Tázlár'),
(3131, 8, 4243, 'Téglás'),
(3132, 1, 7381, 'Tékes'),
(3133, 1, 7973, 'Teklafalu'),
(3134, 17, 9812, 'Telekes'),
(3135, 4, 5675, 'Telekgerendás'),
(3136, 14, 8626, 'Teleki'),
(3137, 13, 2089, 'Telki'),
(3138, 2, 3896, 'Telkibánya'),
(3139, 16, 7054, 'Tengelic'),
(3140, 1, 7834, 'Tengeri'),
(3141, 14, 8668, 'Tengőd'),
(3142, 9, 3359, 'Tenk'),
(3143, 7, 9111, 'Tényő'),
(3144, 8, 4132, 'Tépe'),
(3145, 15, 4342, 'Terem'),
(3146, 12, 2696, 'Terény'),
(3147, 12, 2652, 'Tereske'),
(3148, 2, 3757, 'Teresztenye'),
(3149, 9, 3334, 'Terpes'),
(3150, 18, 8109, 'Tés'),
(3151, 13, 2635, 'Tésa'),
(3152, 1, 7843, 'Tésenfa'),
(3153, 1, 7834, 'Téseny'),
(3154, 19, 8991, 'Teskánd'),
(3155, 7, 9100, 'Tét'),
(3156, 8, 4184, 'Tetétlen'),
(3157, 16, 7181, 'Tevel'),
(3158, 2, 3423, 'Tibolddaróc'),
(3159, 15, 4353, 'Tiborszállás'),
(3160, 18, 8237, 'Tihany'),
(3161, 14, 8731, 'Tikos'),
(3162, 19, 8782, 'Tilaj'),
(3163, 15, 4466, 'Timár'),
(3164, 13, 2086, 'Tinnye'),
(3165, 15, 4833, 'Tiszaadony'),
(3166, 3, 6066, 'Tiszaalpár'),
(3167, 3, 6067, 'Tiszaalpár'),
(3168, 2, 3465, 'Tiszabábolna'),
(3169, 15, 4951, 'Tiszabecs'),
(3170, 15, 4474, 'Tiszabercel'),
(3171, 15, 4624, 'Tiszabezdéd'),
(3172, 10, 5232, 'Tiszabő'),
(3173, 10, 5235, 'Tiszabura'),
(3174, 15, 4947, 'Tiszacsécse'),
(3175, 8, 4066, 'Tiszacsege'),
(3176, 2, 3972, 'Tiszacsermely'),
(3177, 15, 4455, 'Tiszadada'),
(3178, 10, 5243, 'Tiszaderzs'),
(3179, 15, 4456, 'Tiszadob'),
(3180, 2, 3466, 'Tiszadorogma'),
(3181, 15, 4446, 'Tiszaeszlár'),
(3182, 15, 4464, 'Tiszaeszlár'),
(3183, 10, 5461, 'Tiszaföldvár'),
(3184, 10, 5430, 'Tiszaföldvár'),
(3185, 10, 5359, 'Tiszafüred'),
(3186, 10, 5358, 'Tiszafüred'),
(3187, 10, 5244, 'Tiszafüred'),
(3188, 10, 5350, 'Tiszafüred'),
(3189, 10, 5233, 'Tiszagyenda'),
(3190, 8, 4097, 'Tiszagyulaháza'),
(3191, 10, 5361, 'Tiszaigar'),
(3192, 10, 5464, 'Tiszainoka'),
(3193, 10, 5094, 'Tiszajenő'),
(3194, 15, 4493, 'Tiszakanyár'),
(3195, 2, 3971, 'Tiszakarád'),
(3196, 3, 6062, 'Tiszakécske'),
(3197, 3, 6060, 'Tiszakécske'),
(3198, 15, 4834, 'Tiszakerecseny'),
(3199, 2, 3458, 'Tiszakeszi'),
(3200, 15, 4946, 'Tiszakóród'),
(3201, 10, 5472, 'Tiszakürt'),
(3202, 10, 5471, 'Tiszakürt'),
(3203, 2, 3929, 'Tiszaladány'),
(3204, 15, 4447, 'Tiszalök'),
(3205, 15, 4450, 'Tiszalök'),
(3206, 2, 3565, 'Tiszalúc'),
(3207, 15, 4645, 'Tiszamogyorós'),
(3208, 15, 4463, 'Tiszanagyfalu'),
(3209, 9, 3385, 'Tiszanána'),
(3210, 10, 5362, 'Tiszaörs'),
(3211, 2, 3587, 'Tiszapalkonya'),
(3212, 10, 5211, 'Tiszapüspöki'),
(3213, 15, 4503, 'Tiszarád'),
(3214, 10, 5234, 'Tiszaroff'),
(3215, 10, 5474, 'Tiszasas'),
(3216, 10, 5061, 'Tiszasüly'),
(3217, 15, 4831, 'Tiszaszalka'),
(3218, 10, 5323, 'Tiszaszentimre'),
(3219, 10, 5322, 'Tiszaszentimre'),
(3220, 15, 4628, 'Tiszaszentmárton'),
(3221, 5, 6756, 'Tiszasziget'),
(3222, 2, 3928, 'Tiszatardos'),
(3223, 2, 3589, 'Tiszatarján'),
(3224, 15, 4486, 'Tiszatelek'),
(3225, 15, 4487, 'Tiszatelek'),
(3226, 10, 5082, 'Tiszatenyő'),
(3227, 3, 6064, 'Tiszaug'),
(3228, 2, 3580, 'Tiszaújváros'),
(3229, 2, 3464, 'Tiszavalk'),
(3230, 10, 5095, 'Tiszavárkony'),
(3231, 10, 5092, 'Tiszavárkony'),
(3232, 15, 4440, 'Tiszavasvári'),
(3233, 15, 4832, 'Tiszavid'),
(3234, 15, 4969, 'Tisztaberek'),
(3235, 15, 4921, 'Tivadar'),
(3236, 13, 2252, 'Tóalmás'),
(3237, 9, 3354, 'Tófalu'),
(3238, 19, 8946, 'Tófej'),
(3239, 1, 7348, 'Tófű'),
(3240, 2, 2073, 'Tök'),
(3241, 11, 3910, 'Tokaj'),
(3242, 11, 2531, 'Tokod'),
(3243, 17, 2532, 'Tokodaltáró'),
(3244, 2, 2316, 'Tököl'),
(3245, 8, 9561, 'Tokorcs'),
(3246, 12, 3934, 'Tolcsva'),
(3247, 16, 4117, 'Told'),
(3248, 16, 2657, 'Tolmács'),
(3249, 16, 7131, 'Tolna'),
(3250, 10, 7130, 'Tolna'),
(3251, 2, 7083, 'Tolnanémedi'),
(3252, 3, 9086, 'Töltéstava'),
(3253, 17, 5324, 'Tomajmonostora'),
(3254, 6, 3787, 'Tomor'),
(3255, 19, 9738, 'Tömörd'),
(3256, 1, 6646, 'Tömörkény'),
(3257, 17, 6422, 'Tompa'),
(3258, 2, 9662, 'Tompaládony'),
(3259, 2, 2463, 'Tordas'),
(3260, 2, 8876, 'Tormafölde'),
(3261, 2, 7383, 'Tormás'),
(3262, 2, 9736, 'Tormásliget'),
(3263, 19, 3765, 'Tornabarakony'),
(3264, 2, 3761, 'Tornakápolna'),
(3265, 15, 3767, 'Tornanádaska'),
(3266, 17, 3765, 'Tornaszentandrás'),
(3267, 14, 3769, 'Tornaszentjakab'),
(3268, 10, 8877, 'Tornyiszentmiklós'),
(3269, 4, 3877, 'Tornyosnémeti'),
(3270, 1, 4642, 'Tornyospálca'),
(3271, 19, 2045, 'Törökbálint'),
(3272, 19, 7285, 'Törökkoppány'),
(3273, 14, 5212, 'Törökszentmiklós'),
(3274, 18, 5200, 'Törökszentmiklós'),
(3275, 13, 9791, 'Torony'),
(3276, 13, 2747, 'Törtel'),
(3277, 7, 8660, 'Torvaj'),
(3278, 17, 5091, 'Tószeg'),
(3279, 5, 5940, 'Tótkomlós'),
(3280, 13, 7981, 'Tótszentgyörgy'),
(3281, 14, 8865, 'Tótszentmárton'),
(3282, 10, 8864, 'Tótszerdahely'),
(3283, 10, 7755, 'Töttös'),
(3284, 13, 7918, 'Tótújfalu'),
(3285, 1, 8246, 'Tótvázsony'),
(3286, 2, 3724, 'Trizs'),
(3287, 15, 4731, 'Tunyogmatolcs'),
(3288, 13, 2194, 'Tura'),
(3289, 15, 4944, 'Túristvándi'),
(3290, 10, 8796, 'Türje'),
(3291, 1, 5420, 'Túrkeve'),
(3292, 15, 7811, 'Túrony'),
(3293, 15, 4968, 'Túrricse'),
(3294, 19, 8477, 'Tüskevár'),
(3295, 18, 4623, 'Tuzsér'),
(3296, 15, 4762, 'Tyukod'),
(3297, 1, 7718, 'Udvar'),
(3298, 16, 7066, 'Udvari'),
(3299, 18, 8564, 'Ugod'),
(3300, 6, 2066, 'Újbarok'),
(3301, 2, 3716, 'Újcsanálos'),
(3302, 15, 4491, 'Újdombrád'),
(3303, 15, 4244, 'Újfehértó'),
(3304, 13, 2367, 'Újhartyán'),
(3305, 8, 4146, 'Újiráz'),
(3306, 16, 7095, 'Újireg'),
(3307, 15, 4635, 'Újkenéz'),
(3308, 7, 9472, 'Újkér'),
(3309, 4, 5661, 'Újkígyós'),
(3310, 13, 2724, 'Újlengyel'),
(3311, 8, 4288, 'Újléta'),
(3312, 9, 3387, 'Újlőrincfalva'),
(3313, 1, 7766, 'Újpetre'),
(3314, 7, 9244, 'Újrónafő'),
(3315, 3, 6320, 'Újsolt'),
(3316, 4, 5727, 'Újszalonta'),
(3317, 10, 5052, 'Újszász'),
(3318, 5, 6754, 'Újszentiván'),
(3319, 8, 4065, 'Újszentmargita'),
(3320, 13, 2768, 'Újszilvás'),
(3321, 3, 6337, 'Újtelek'),
(3322, 8, 4096, 'Újtikos'),
(3323, 19, 8778, 'Újudvar'),
(3324, 14, 7436, 'Újvárfalva'),
(3325, 18, 8347, 'Ukk'),
(3326, 7, 6794, 'Üllés'),
(3327, 11, 2225, 'Üllő'),
(3328, 2, 9464, 'Und'),
(3329, 15, 2528, 'Úny'),
(3330, 17, 3622, 'Uppony'),
(3331, 6, 4763, 'Ura'),
(3332, 13, 9651, 'Uraiújfalu'),
(3333, 18, 8142, 'Úrhida'),
(3334, 15, 2244, 'Úri'),
(3335, 3, 8409, 'Úrkút'),
(3336, 18, 2096, 'Üröm'),
(3337, 5, 4952, 'Uszka'),
(3338, 13, 6332, 'Uszód'),
(3339, 13, 8321, 'Uzsa'),
(3340, 13, 2600, 'Vác'),
(3341, 13, 2167, 'Vácduka'),
(3342, 13, 2184, 'Vácegres'),
(3343, 13, 2164, 'Váchartyán'),
(3344, 13, 2185, 'Váckisújfalu'),
(3345, 13, 2163, 'Vácrátót'),
(3346, 13, 2115, 'Vácszentlászló'),
(3347, 2, 3636, 'Vadna'),
(3348, 7, 9346, 'Vadosfa'),
(3349, 7, 9327, 'Vág'),
(3350, 2, 3992, 'Vágáshuta'),
(3351, 15, 4562, 'Vaja'),
(3352, 2, 3961, 'Vajdácska'),
(3353, 1, 7838, 'Vajszló'),
(3354, 6, 7041, 'Vajta'),
(3355, 6, 2473, 'Vál'),
(3356, 13, 2114, 'Valkó'),
(3357, 19, 8885, 'Valkonya'),
(3358, 15, 4351, 'Vállaj'),
(3359, 19, 8316, 'Vállus'),
(3360, 15, 4936, 'Vámosatya'),
(3361, 17, 9665, 'Vámoscsalád'),
(3362, 9, 3291, 'Vámosgyörk'),
(3363, 13, 2635, 'Vámosmikola'),
(3364, 15, 4966, 'Vámosoroszi'),
(3365, 8, 4287, 'Vámospércs'),
(3366, 2, 9061, 'Vámosszabadi'),
(3367, 7, 3941, 'Vámosújfalu'),
(3368, 8, 4119, 'Váncsod'),
(3369, 12, 2688, 'Vanyarc'),
(3370, 18, 8552, 'Vanyola'),
(3371, 1, 7973, 'Várad'),
(3372, 16, 7354, 'Váralja'),
(3373, 14, 8723, 'Varászló'),
(3374, 9, 3254, 'Váraszó'),
(3375, 7, 9243, 'Várbalog'),
(3376, 2, 3778, 'Varbó'),
(3377, 2, 3756, 'Varbóc'),
(3378, 14, 7442, 'Várda'),
(3379, 16, 7146, 'Várdomb'),
(3380, 19, 8891, 'Várfölde'),
(3381, 1, 7370, 'Varga'),
(3382, 11, 2824, 'Várgesztes'),
(3383, 18, 8523, 'Várkesző'),
(3384, 16, 7214, 'Várong'),
(3385, 3, 6033, 'Városföld'),
(3386, 18, 8445, 'Városlőd'),
(3387, 18, 8103, 'Várpalota'),
(3388, 18, 8104, 'Várpalota'),
(3389, 18, 8100, 'Várpalota'),
(3390, 16, 7067, 'Varsád'),
(3391, 12, 3178, 'Varsány'),
(3392, 19, 8316, 'Várvölgy'),
(3393, 13, 2211, 'Vasad'),
(3394, 17, 9921, 'Vasalja'),
(3395, 1, 7926, 'Vásárosbéc'),
(3396, 1, 7362, 'Vásárosdombó'),
(3397, 7, 9343, 'Vásárosfalu'),
(3398, 17, 9552, 'Vásárosmiske'),
(3399, 15, 4803, 'Vásárosnamény'),
(3400, 15, 4804, 'Vásárosnamény'),
(3401, 15, 4800, 'Vásárosnamény'),
(3402, 17, 9744, 'Vasasszonyfa'),
(3403, 19, 8914, 'Vasboldogasszony'),
(3404, 17, 9661, 'Vasegerszeg'),
(3405, 17, 9674, 'Vashosszúfalu'),
(3406, 17, 9795, 'Vaskeresztes'),
(3407, 3, 6521, 'Vaskút'),
(3408, 15, 4502, 'Vasmegyer'),
(3409, 19, 8998, 'Vaspör'),
(3410, 17, 9741, 'Vassurány'),
(3411, 18, 8245, 'Vászoly'),
(3412, 17, 9763, 'Vasszécseny'),
(3413, 17, 9953, 'Vasszentmihály'),
(3414, 17, 9747, 'Vasszilvágy'),
(3415, 17, 9800, 'Vasvár'),
(3416, 18, 8542, 'Vaszar'),
(3417, 17, 9748, 'Vát'),
(3418, 2, 3431, 'Vatta'),
(3419, 1, 7370, 'Vázsnok'),
(3420, 9, 3265, 'Vécs'),
(3421, 13, 2220, 'Vecsés'),
(3422, 4, 5811, 'Végegyháza'),
(3423, 1, 7838, 'Vejti'),
(3424, 1, 7333, 'Vékény'),
(3425, 8, 4143, 'Vekerd'),
(3426, 17, 9726, 'Velem'),
(3427, 17, 9946, 'Velemér'),
(3428, 6, 2481, 'Velence'),
(3429, 1, 7951, 'Velény'),
(3430, 1, 7726, 'Véménd'),
(3431, 7, 9062, 'Vének'),
(3432, 17, 9751, 'Vép'),
(3433, 6, 2477, 'Vereb'),
(3434, 13, 2112, 'Veresegyház'),
(3435, 13, 2621, 'Verőce'),
(3436, 9, 3351, 'Verpelét'),
(3437, 13, 2174, 'Verseg'),
(3438, 1, 7752, 'Versend'),
(3439, 6, 8089, 'Vértesacsa'),
(3440, 6, 8085, 'Vértesboglár'),
(3441, 11, 2859, 'Vérteskethely'),
(3442, 11, 2823, 'Vértessomló'),
(3443, 11, 2833, 'Vértestolna'),
(3444, 11, 2837, 'Vértesszőlős'),
(3445, 14, 8721, 'Vése'),
(3446, 7, 9352, 'Veszkény'),
(3447, 18, 8412, 'Veszprém'),
(3448, 18, 8411, 'Veszprém'),
(3449, 18, 8200, 'Veszprém'),
(3450, 18, 8248, 'Veszprémfajsz'),
(3451, 18, 8475, 'Veszprémgalsa'),
(3452, 18, 8438, 'Veszprémvarsány'),
(3453, 4, 5530, 'Vésztő'),
(3454, 10, 5093, 'Vezseny'),
(3455, 18, 8484, 'Vid'),
(3456, 18, 8294, 'Vigántpetend'),
(3457, 1, 7773, 'Villány'),
(3458, 1, 7772, 'Villánykövesd'),
(3459, 2, 3891, 'Vilmány'),
(3460, 18, 8194, 'Vilonya'),
(3461, 2, 3991, 'Vilyvitány'),
(3462, 18, 9535, 'Vinár'),
(3463, 19, 8354, 'Vindornyafok'),
(3464, 19, 8353, 'Vindornyalak'),
(3465, 19, 8355, 'Vindornyaszőlős'),
(3466, 13, 2026, 'Visegrád'),
(3467, 13, 2025, 'Visegrád'),
(3468, 14, 7533, 'Visnye'),
(3469, 9, 3272, 'Visonta'),
(3470, 9, 3271, 'Visonta'),
(3471, 2, 3956, 'Viss'),
(3472, 14, 8681, 'Visz'),
(3473, 17, 9932, 'Viszák'),
(3474, 2, 3825, 'Viszló'),
(3475, 9, 3293, 'Visznek'),
(3476, 7, 9371, 'Vitnyéd'),
(3477, 14, 7588, 'Vízvár'),
(3478, 12, 3128, 'Vizslás'),
(3479, 2, 3888, 'Vizsoly'),
(3480, 1, 7768, 'Vokány'),
(3481, 19, 8314, 'Vonyarcvashegy'),
(3482, 19, 8931, 'Vöckönd'),
(3483, 7, 9462, 'Völcsej'),
(3484, 17, 9516, 'Vönöck'),
(3485, 18, 8291, 'Vöröstó'),
(3486, 14, 8711, 'Vörs'),
(3487, 12, 3124, 'Zabar'),
(3488, 1, 7976, 'Zádor'),
(3489, 2, 3726, 'Zádorfalva'),
(3490, 10, 5051, 'Zagyvarékas'),
(3491, 9, 3031, 'Zagyvaszántó'),
(3492, 15, 4625, 'Záhony'),
(3493, 19, 8868, 'Zajk'),
(3494, 15, 4974, 'Zajta'),
(3495, 14, 8853, 'Zákány'),
(3496, 5, 6787, 'Zákányszék'),
(3497, 14, 8660, 'Zala'),
(3498, 19, 8741, 'Zalaapáti'),
(3499, 19, 8971, 'Zalabaksa'),
(3500, 19, 8798, 'Zalabér'),
(3501, 19, 8992, 'Zalaboldogfa'),
(3502, 19, 8782, 'Zalacsány'),
(3503, 19, 8996, 'Zalacséb'),
(3504, 19, 8900, 'Zalaegerszeg'),
(3505, 18, 8344, 'Zalaerdőd'),
(3506, 18, 8349, 'Zalagyömörő'),
(3507, 18, 8308, 'Zalahaláp'),
(3508, 19, 8997, 'Zalaháshágy'),
(3509, 19, 8761, 'Zalaigrice'),
(3510, 19, 8932, 'Zalaistvánd'),
(3511, 19, 8749, 'Zalakaros'),
(3512, 19, 8751, 'Zalakomár'),
(3513, 19, 8752, 'Zalakomár'),
(3514, 19, 8354, 'Zalaköveskút'),
(3515, 19, 8999, 'Zalalövő'),
(3516, 18, 8348, 'Zalameggyes'),
(3517, 19, 8747, 'Zalamerenye'),
(3518, 19, 8756, 'Zalasárszeg'),
(3519, 19, 8743, 'Zalaszabar'),
(3520, 19, 8353, 'Zalaszántó'),
(3521, 18, 8476, 'Zalaszegvár'),
(3522, 19, 8772, 'Zalaszentbalázs'),
(3523, 19, 8795, 'Zalaszentgrót'),
(3524, 19, 8793, 'Zalaszentgrót'),
(3525, 19, 8785, 'Zalaszentgrót'),
(3526, 19, 8789, 'Zalaszentgrót'),
(3527, 19, 8790, 'Zalaszentgrót'),
(3528, 19, 8994, 'Zalaszentgyörgy'),
(3529, 19, 8921, 'Zalaszentiván'),
(3530, 19, 8827, 'Zalaszentjakab'),
(3531, 19, 8788, 'Zalaszentlászló'),
(3532, 19, 8921, 'Zalaszentlőrinc'),
(3533, 19, 8764, 'Zalaszentmárton'),
(3534, 19, 8936, 'Zalaszentmihály'),
(3535, 19, 8969, 'Zalaszombatfa'),
(3536, 1, 7839, 'Zaláta'),
(3537, 19, 8947, 'Zalatárnok'),
(3538, 19, 8822, 'Zalaújlak'),
(3539, 19, 8392, 'Zalavár'),
(3540, 19, 8792, 'Zalavég'),
(3541, 2, 3957, 'Zalkod'),
(3542, 14, 8621, 'Zamárdi'),
(3543, 6, 8081, 'Zámoly'),
(3544, 18, 8251, 'Zánka'),
(3545, 9, 3296, 'Zaránk'),
(3546, 16, 7182, 'Závod'),
(3547, 19, 8957, 'Zebecke'),
(3548, 13, 2627, 'Zebegény'),
(3549, 2, 3977, 'Zemplénagárd'),
(3550, 1, 7720, 'Zengővárkony'),
(3551, 6, 8112, 'Zichyújfalu'),
(3552, 14, 8672, 'Zics'),
(3553, 2, 3794, 'Ziliz'),
(3554, 14, 7471, 'Zimány'),
(3555, 18, 8420, 'Zirc'),
(3556, 1, 7671, 'Zók'),
(3557, 16, 7173, 'Zomba'),
(3558, 4, 5537, 'Zsadány'),
(3559, 8, 4142, 'Zsáka'),
(3560, 13, 2072, 'Zsámbék'),
(3561, 13, 2116, 'Zsámbok'),
(3562, 3, 6411, 'Zsana'),
(3563, 15, 4961, 'Zsarolyán'),
(3564, 7, 9346, 'Zsebeháza'),
(3565, 17, 9635, 'Zsédeny'),
(3566, 14, 7477, 'Zselickisfalud'),
(3567, 14, 7400, 'Zselickislak'),
(3568, 14, 7474, 'Zselicszentpál'),
(3569, 17, 9766, 'Zsennye'),
(3570, 7, 9476, 'Zsira'),
(3571, 5, 6792, 'Zsombó'),
(3572, 2, 3897, 'Zsujta'),
(3573, 15, 4627, 'Zsurk'),
(3574, 2, 3723, 'Zubogy');

--
-- Indexek a kiírt táblákhoz
--

--
-- A tábla indexei `cim`
--
ALTER TABLE `cim`
  ADD PRIMARY KEY (`cim_id`),
  ADD KEY `telepules_id` (`telepules_id`);

--
-- A tábla indexei `kolcsonzes`
--
ALTER TABLE `kolcsonzes`
  ADD PRIMARY KEY (`kolcsonzes_id`),
  ADD KEY `tag_id` (`tag_id`),
  ADD KEY `leltar_leltariszam` (`leltar_leltariszam`);

--
-- A tábla indexei `konyv`
--
ALTER TABLE `konyv`
  ADD PRIMARY KEY (`konyv_ISBN`);

--
-- A tábla indexei `leltar`
--
ALTER TABLE `leltar`
  ADD PRIMARY KEY (`leltar_leltariszam`),
  ADD KEY `konyv_ISBN` (`konyv_ISBN`);

--
-- A tábla indexei `megye`
--
ALTER TABLE `megye`
  ADD PRIMARY KEY (`megye_id`);

--
-- A tábla indexei `tag`
--
ALTER TABLE `tag`
  ADD PRIMARY KEY (`tag_id`),
  ADD KEY `cim_id` (`cim_id`);

--
-- A tábla indexei `telepules`
--
ALTER TABLE `telepules`
  ADD PRIMARY KEY (`telepules_id`),
  ADD KEY `megye_id` (`megye_id`);

--
-- A kiírt táblák AUTO_INCREMENT értéke
--

--
-- AUTO_INCREMENT a táblához `cim`
--
ALTER TABLE `cim`
  MODIFY `cim_id` int(10) UNSIGNED NOT NULL AUTO_INCREMENT, AUTO_INCREMENT=12;

--
-- AUTO_INCREMENT a táblához `kolcsonzes`
--
ALTER TABLE `kolcsonzes`
  MODIFY `kolcsonzes_id` int(10) UNSIGNED NOT NULL AUTO_INCREMENT, AUTO_INCREMENT=26;

--
-- AUTO_INCREMENT a táblához `megye`
--
ALTER TABLE `megye`
  MODIFY `megye_id` tinyint(4) UNSIGNED NOT NULL AUTO_INCREMENT, AUTO_INCREMENT=20;

--
-- AUTO_INCREMENT a táblához `telepules`
--
ALTER TABLE `telepules`
  MODIFY `telepules_id` smallint(5) UNSIGNED NOT NULL AUTO_INCREMENT, AUTO_INCREMENT=3575;

--
-- Megkötések a kiírt táblákhoz
--

--
-- Megkötések a táblához `cim`
--
ALTER TABLE `cim`
  ADD CONSTRAINT `cim_ibfk_1` FOREIGN KEY (`telepules_id`) REFERENCES `telepules` (`telepules_id`) ON DELETE CASCADE ON UPDATE CASCADE;

--
-- Megkötések a táblához `kolcsonzes`
--
ALTER TABLE `kolcsonzes`
  ADD CONSTRAINT `kolcsonzes_ibfk_1` FOREIGN KEY (`tag_id`) REFERENCES `tag` (`tag_id`) ON DELETE CASCADE ON UPDATE CASCADE,
  ADD CONSTRAINT `kolcsonzes_ibfk_2` FOREIGN KEY (`leltar_leltariszam`) REFERENCES `leltar` (`leltar_leltariszam`) ON DELETE CASCADE ON UPDATE CASCADE;

--
-- Megkötések a táblához `leltar`
--
ALTER TABLE `leltar`
  ADD CONSTRAINT `leltar_ibfk_1` FOREIGN KEY (`konyv_ISBN`) REFERENCES `konyv` (`konyv_ISBN`) ON DELETE CASCADE ON UPDATE CASCADE;

--
-- Megkötések a táblához `tag`
--
ALTER TABLE `tag`
  ADD CONSTRAINT `tag_ibfk_1` FOREIGN KEY (`cim_id`) REFERENCES `cim` (`cim_id`) ON DELETE CASCADE ON UPDATE CASCADE;

--
-- Megkötések a táblához `telepules`
--
ALTER TABLE `telepules`
  ADD CONSTRAINT `telepules_ibfk_1` FOREIGN KEY (`megye_id`) REFERENCES `megye` (`megye_id`) ON DELETE CASCADE ON UPDATE CASCADE;
COMMIT;

/*!40101 SET CHARACTER_SET_CLIENT=@OLD_CHARACTER_SET_CLIENT */;
/*!40101 SET CHARACTER_SET_RESULTS=@OLD_CHARACTER_SET_RESULTS */;
/*!40101 SET COLLATION_CONNECTION=@OLD_COLLATION_CONNECTION */;
